"","track","artist","genre","mode","popularity","tempo","energy","danceability","loudness","speechiness","acousticness","liveness","instrumentalness","valence","duration"
"1","coachella","lovelytheband","Alternative/Reggae",1,54,115.013,0.646,0.563,-6.849,0.0312,0.0664,0.0877,0.000879,0.288,226435
"2","Stay (feat. Micah Martin)","Bear Grillz","Electronic Dance",1,35,133.863,0.759,0.522,-4.404,0.0795,0.00878,0.118,0.000133,0.233,204958
"3","63 Days","Atlas Genius","Alternative/Reggae",0,45,159.987,0.701,0.68,-6.535,0.0991,0.0158,0.135,0,0.778,187880
"4","Hard Work Pays Off","Future","Hip Hop",1,71,140.064,0.482,0.736,-8.242,0.196,0.327,0.229,0,0.608,224507
"5","Sahara Love - Seven Lions Remix","Above & Beyond","Electronic Dance",0,54,144.908,0.659,0.275,-5.631,0.039,0.0418,0.079,4.15e-05,0.149,322893
"6","Stole the Show","Kygo","Electronic Dance",0,74,100.034,0.635,0.64,-7.565,0.226,0.271,0.319,0,0.475,223187
"7","Used To Love (with Dean Lewis)","Martin Garrix","Electronic Dance",1,79,118.97,0.693,0.651,-4.722,0.0375,0.458,0.335,0,0.392,236765
"8","Bum Bum Tam Tam","Future","Hip Hop",1,70,131.99,0.699,0.898,-3.781,0.112,0.336,0.232,8.61e-06,0.64,213989
"9","It's Fucking Dubstep","Bear Grillz","Electronic Dance",1,42,139.946,0.975,0.524,-3.16,0.0406,0.00203,0.133,0.0695,0.386,207429
"10","Silence","Marshmello","Electronic Dance",1,80,141.971,0.761,0.52,-3.093,0.0853,0.256,0.17,4.96e-06,0.286,180823
"11","Female","Keith Urban","Country",0,58,85.019,0.477,0.567,-8.781,0.0331,0.186,0.111,4.86e-05,0.321,195317
"12","The Fighter","Keith Urban","Country",0,63,132.011,0.856,0.681,-5.166,0.0517,0.0224,0.188,0,0.755,184040
"13","Trouble","Cage The Elephant","Alternative/Reggae",1,71,77.861,0.623,0.47,-5.655,0.0302,0.392,0.0992,0.000453,0.298,225973
"14","Project Dreams","Marshmello","Electronic Dance",1,77,160.113,0.828,0.78,-2.235,0.237,0.409,0.104,0,0.786,167898
"15","Congratulations","Post Malone","Pop",1,83,123.146,0.804,0.63,-4.183,0.0363,0.215,0.253,0,0.492,220293
"16","Señorita","Camila Cabello","Pop",0,84,116.967,0.548,0.759,-6.049,0.029,0.0392,0.0828,0,0.749,190800
"17","Here With Me (feat. Nevve)","ARMNHMR","Electronic Dance",1,43,144.933,0.784,0.376,-3.856,0.0406,0.378,0.198,0,0.413,205241
"18","Count Me In","Rebelution","Alternative/Reggae",1,59,92.015,0.661,0.8,-8.291,0.0304,0.0204,0.0687,0.000107,0.59,189613
"19","Love Is My Religion","Ziggy Marley","Alternative/Reggae",1,53,95.541,0.704,0.832,-6.981,0.05,0.194,0.386,0,0.773,223653
"20","That Way - Bonus Track","Lil Uzi Vert","Hip Hop",0,80,130.007,0.599,0.712,-5.368,0.0388,0.0554,0.154,0,0.503,212354
"21","Talk (feat. Disclosure)","Khalid","Pop",1,80,135.984,0.4,0.901,-8.575,0.126,0.051,0.0599,0,0.346,197573
"22","I Got You","Jack Johnson","Alternative/Reggae",1,64,98.067,0.399,0.899,-6.553,0.038,0.607,0.0923,1.52e-05,0.544,179347
"23","Can't Be Alone Tonight","Atlas Genius","Alternative/Reggae",1,44,99.991,0.833,0.559,-4.332,0.0895,0.044,0.349,0,0.443,237027
"24","Busy Man","Billy Ray Cyrus","Country",1,42,163.887,0.568,0.6,-9.867,0.0388,0.106,0.238,0,0.475,197267
"25","To Be So Lonely","Harry Styles","Pop",1,78,104.959,0.436,0.758,-7.269,0.0418,0.618,0.335,1.61e-05,0.605,192080
"26","Easy","Camila Cabello","Pop",0,70,128.073,0.593,0.574,-5.731,0.0463,0.411,0.0966,1.55e-06,0.355,194686
"27","You should be sad","Halsey","Pop",1,91,110.94,0.585,0.591,-6.35,0.0277,0.143,0.109,0,0.324,205473
"28","MEGATRON","Nicki Minaj","Hip Hop",1,73,94.017,0.641,0.893,-3.051,0.272,0.128,0.086,8.06e-05,0.771,190747
"29","Bittersweet & Blue - Above & Beyond Club Mix","Above & Beyond","Electronic Dance",0,52,127.971,0.777,0.54,-6.11,0.0399,0.0107,0.37,0.043,0.103,249375
"30","Beach In Hawaii","Ziggy Marley","Alternative/Reggae",0,60,100.959,0.458,0.807,-9.594,0.0361,0.211,0.0839,9.01e-06,0.874,220413
"31","Boyfriend","RaeLynn","Country",1,48,102.033,0.567,0.701,-4.602,0.0257,0.155,0.0964,0,0.493,150067
"32","Life Is Good (feat. Drake)","Future","Hip Hop",0,94,142.037,0.609,0.676,-5.831,0.481,0.0706,0.152,0,0.508,237735
"33","Part-Time Lover","Dabin","Electronic Dance",1,53,172.685,0.771,0.467,-3.738,0.0668,0.0138,0.0956,0,0.36,219191
"34","Ocean Eyes - Blackbear Remix","blackbear","Pop",0,73,144.98,0.419,0.661,-9.807,0.0404,0.114,0.0848,1.19e-05,0.145,195307
"35","Sign of the Times","Harry Styles","Pop",1,79,119.972,0.595,0.516,-4.63,0.0313,0.0275,0.109,0,0.222,340707
"36","Lay My Claim","Rebelution","Alternative/Reggae",0,57,90.997,0.618,0.877,-5.597,0.0456,0.0654,0.056,1e-05,0.846,242723
"37","Fishin'","Chris Lane","Country",1,47,100,0.79,0.663,-5.107,0.0332,0.118,0.0932,0,0.859,162160
"38","Camelot (feat. Yo Gotti, BlocBoy JB & Moneybagg Yo) - Remix","Moneybagg Yo","Hip Hop",1,70,175.013,0.88,0.79,-1.983,0.376,0.324,0.0829,0,0.857,198694
"39","Dad's Old Number","Cole Swindell","Country",1,55,71.968,0.517,0.527,-7.081,0.0299,0.346,0.206,3.44e-06,0.329,209720
"40","Seaside","The Kooks","Alternative/Reggae",1,49,129.498,0.41,0.616,-8.523,0.0413,0.732,0.123,0,0.324,99227
"41","Shake Me Down","Cage The Elephant","Alternative/Reggae",1,61,105.11,0.613,0.457,-5.756,0.0295,0.00463,0.0711,0.000441,0.132,211373
"42","Keeping Score (feat. Kelly Clarkson)","Dan + Shay","Country",1,64,135.97,0.622,0.567,-4.29,0.0317,0.225,0.138,0,0.336,220213
"43","Huntin', Fishin' And Lovin' Every Day","Luke Bryan","Country",1,67,76.978,0.81,0.543,-4.275,0.0368,0.14,0.145,1.23e-05,0.395,278613
"44","Hopeless Romantic (feat. Swae Lee)","Wiz Khalifa","Hip Hop",0,75,127.023,0.477,0.877,-7.379,0.0587,0.307,0.0929,0,0.552,226743
"45","Sorry Not Sorry","Demi Lovato","Pop",0,79,144.077,0.64,0.705,-6.928,0.225,0.0237,0.262,0,0.887,203760
"46","Die For Me (feat. Future & Halsey)","Halsey","Pop",1,79,145.01,0.66,0.614,-2.848,0.0441,0.19,0.211,0,0.452,245267
"47","Ready To Let Go","Cage The Elephant","Alternative/Reggae",1,64,100.962,0.896,0.719,-3.263,0.037,0.011,0.0731,3.25e-05,0.746,187973
"48","You Don't Even Know Me","SLANDER","Electronic Dance",0,56,150.074,0.903,0.566,-0.484,0.0385,0.00243,0.0996,8.31e-05,0.0406,226000
"49","God's Plan","Drake","Hip Hop",1,84,77.169,0.449,0.754,-9.211,0.109,0.0332,0.552,8.29e-05,0.357,198973
"50","Anyone","Demi Lovato","Pop",1,76,129.98,0.387,0.557,-6.338,0.0374,0.876,0.111,0,0.317,227813
"51","Million Reasons","Lady Gaga","Pop",1,78,129.89,0.423,0.666,-8.012,0.043,0.494,0.106,0,0.154,205280
"52","How Do You Sleep?","Sam Smith","Pop",0,87,110.567,0.682,0.477,-4.931,0.0925,0.153,0.0763,0,0.345,202205
"53","What She Wants Tonight","Luke Bryan","Country",0,74,169.948,0.903,0.484,-3.9,0.0882,0.0649,0.151,0,0.716,186988
"54","Run","Alison Wonderland","Electronic Dance",1,51,145.02,0.779,0.508,-5.763,0.0333,0.00389,0.398,0.02,0.109,218783
"55","Contact (feat. Tyga)","Tyga","Hip Hop",1,75,100.034,0.679,0.838,-5.406,0.036,0.00164,0.343,0,0.125,155918
"56","Didn't I","OneRepublic","Alternative/Reggae",1,78,123.943,0.613,0.606,-6.758,0.0306,0.0182,0.125,0,0.258,207617
"57","MakeDamnSure","Adventure Club","Electronic Dance",1,46,154.885,0.919,0.542,-3.003,0.112,0.206,0.129,0,0.475,199786
"58","Bless The Broken Road","Rascal Flatts","Country",1,70,135.893,0.45,0.591,-6.369,0.0266,0.671,0.159,2.23e-05,0.344,226680
"59","Ain't Worth the Whiskey","Cole Swindell","Country",1,60,153.712,0.738,0.432,-3.91,0.0309,0.042,0.119,0,0.503,191907
"60","Black Madonna","Cage The Elephant","Alternative/Reggae",0,65,109.987,0.728,0.706,-3.184,0.035,0.0012,0.0753,0.0693,0.966,226533
"61","BO$$","Fifth Harmony","Pop",1,65,103.016,0.872,0.813,-5.224,0.107,0.00621,0.0498,0,0.736,171413
"62","Hot (Remix) [feat. Gunna and Travis Scott]","Travis Scott","Hip Hop",0,74,111.983,0.631,0.845,-8.206,0.216,0.188,0.0806,0,0.545,279907
"63","The Champion - Bonus Track","Carrie Underwood","Country",0,60,182.1,0.87,0.529,-3.32,0.327,0.0529,0.0946,0,0.36,222507
"64","Loco Contigo (feat. J. Balvin & Tyga)","Tyga","Hip Hop",1,84,192.091,0.758,0.694,-2.986,0.218,0.278,0.102,1.34e-06,0.371,185195
"65","You Can't Stop The Girl (From Disney's ""Maleficent: Mistress of Evil"")","Bebe Rexha","Pop",1,77,151.912,0.718,0.394,-6.336,0.0607,0.706,0.116,0,0.247,158258
"66","Location","Khalid","Pop",0,81,80.126,0.449,0.736,-11.462,0.425,0.33,0.0898,0.000162,0.326,219080
"67","Ol' Red","Blake Shelton","Country",1,64,75.049,0.556,0.664,-7.713,0.0365,0.146,0.113,3.91e-06,0.494,221267
"68","Got What I Got","Jason Aldean","Country",0,65,159.847,0.58,0.512,-6.658,0.029,0.621,0.513,1.72e-05,0.303,178147
"69","93 Million Miles","Jason Mraz","Alternative/Reggae",1,53,140.187,0.454,0.573,-10.286,0.0258,0.479,0.0974,1.36e-05,0.515,216387
"70","Seein' Red","Dustin Lynch","Country",0,58,100.993,0.808,0.651,-4.731,0.0435,0.054,0.0482,0,0.858,194893
"71","So Good Looking","The Kooks","Alternative/Reggae",1,52,149.937,0.833,0.545,-4.6,0.153,0.0047,0.0745,1.42e-05,0.741,203285
"72","Keep Up","RaeLynn","Country",1,54,113.972,0.904,0.661,-2.922,0.036,0.253,0.139,0,0.899,184623
"73","Unlonely","Jason Mraz","Alternative/Reggae",0,57,97.987,0.667,0.795,-4.831,0.0392,0.379,0.221,0,0.754,231267
"74","Remedy","Ali Gatie","Pop",0,71,82.718,0.647,0.777,-6.802,0.328,0.265,0.0771,0,0.606,187383
"75","Every Color (with Foster The People)","Louis The Child","Electronic Dance",1,68,124.985,0.747,0.771,-4.858,0.059,0.018,0.343,0.0024,0.333,234857
"76","Demons (feat. RUNN)","Bear Grillz","Electronic Dance",0,48,127.758,0.639,0.467,-6.384,0.124,0.191,0.102,2.24e-06,0.155,225000
"77","See You Again (feat. Charlie Puth)","Wiz Khalifa","Hip Hop",1,81,80.025,0.481,0.689,-7.503,0.0815,0.369,0.0649,1.03e-06,0.283,229526
"78","Say My Name","Bebe Rexha","Pop",0,66,95.031,0.66,0.703,-5.119,0.123,0.137,0.192,0,0.79,198947
"79","Break My Heart","Dua Lipa","Pop",0,84,113.012,0.729,0.73,-3.434,0.0886,0.167,0.349,1.39e-06,0.467,221820
"80","I Won't Give Up","Jason Mraz","Alternative/Reggae",1,72,136.703,0.303,0.585,-10.058,0.0398,0.694,0.115,0,0.142,240166
"81","20 in a Chevy","Cole Swindell","Country",1,57,95.011,0.82,0.587,-5.662,0.0414,0.0559,0.0777,7.28e-06,0.604,184080
"82","One Night","Lil Yachty","Hip Hop",1,70,129.974,0.475,0.764,-12.618,0.114,0.345,0.14,0,0.34,243270
"83","Ready, Set, Don't Go","Billy Ray Cyrus","Country",1,47,76.988,0.721,0.466,-5.45,0.0358,0.285,0.148,0,0.425,228453
"84","Burn Slow","Dirty Heads","Alternative/Reggae",1,55,155,0.855,0.706,-4.853,0.175,0.108,0.104,0,0.465,227999
"85","Boys 'Round Here (feat. Pistol Annies & Friends)","Blake Shelton","Country",1,66,169.895,0.688,0.611,-6.369,0.0529,0.251,0.248,2.35e-06,0.649,288760
"86","Scared to Be Lonely","Martin Garrix","Electronic Dance",0,80,137.972,0.54,0.584,-7.786,0.0576,0.0895,0.261,0,0.195,220883
"87","Knockin' Boots","Luke Bryan","Country",1,74,131.983,0.682,0.739,-3.728,0.205,0.129,0.328,0,0.634,199382
"88","Smoke Two Joints","Sublime","Alternative/Reggae",1,62,95.089,0.687,0.761,-6.185,0.131,0.00469,0.245,0.00532,0.316,173427
"89","Don't Say You Love Me","Fifth Harmony","Pop",1,62,101.707,0.633,0.585,-4.944,0.1,0.497,0.145,0,0.378,193067
"90","No Sucker (feat. Moneybagg Yo)","Moneybagg Yo","Hip Hop",1,72,129.966,0.846,0.9,-4.884,0.224,0.025,0.204,0,0.851,188607
"91","FeRRis WhEEL (feat. Trippie Redd)","Tory Lanez","Hip Hop",1,70,95.031,0.602,0.807,-5.005,0.274,0.0835,0.151,0,0.252,151649
"92","Fix","Chris Lane","Country",0,58,99.995,0.883,0.532,-2.743,0.0352,0.0951,0.304,0,0.7,190240
"93","broken","lovelytheband","Alternative/Reggae",1,73,122.996,0.728,0.666,-5.808,0.0419,0.00175,0.0429,4.26e-06,0.51,204878
"94","Crash 2.0","Adventure Club","Electronic Dance",1,55,127.977,0.652,0.66,-4.747,0.0582,0.00259,0.0673,0,0.167,254879
"95","Let Me Love You","Chris Lane","Country",0,47,181.936,0.843,0.443,-4.314,0.0509,0.304,0.169,1.13e-06,0.554,260453
"96","Breaking News (with RAYE)","Louis The Child","Electronic Dance",1,61,121.057,0.732,0.776,-5.516,0.265,0.0103,0.242,0.000446,0.422,213245
"97","All You Need To Know (feat. Calle Lehmann)","SLANDER","Electronic Dance",1,67,139.929,0.729,0.53,-6.019,0.0376,0.00699,0.103,0,0.219,238338
"98","lovely (with Khalid)","Khalid","Pop",0,90,115.284,0.296,0.351,-10.109,0.0333,0.934,0.095,0,0.12,200186
"99","Work from Home (feat. Ty Dolla $ign)","Fifth Harmony","Pop",1,78,105.017,0.585,0.803,-5.861,0.0432,0.103,0.0644,3.94e-06,0.593,214480
"100","Can We Hang On ?","Cold War Kids","Alternative/Reggae",1,51,74.987,0.733,0.53,-3.863,0.0287,0.0416,0.407,0,0.408,223400
"101","One Margarita","Luke Bryan","Country",1,65,89.997,0.842,0.641,-4.872,0.0464,0.0969,0.169,0,0.738,193427
"102","Oceans (feat. NKOLO)","ARMNHMR","Electronic Dance",0,45,162.217,0.79,0.46,-3.832,0.044,0.294,0.259,0,0.312,222222
"103","I Don't Want This Night To End","Luke Bryan","Country",0,66,111.934,0.728,0.616,-4.02,0.0278,0.0275,0.228,0,0.375,219973
"104","Honey Bee","Blake Shelton","Country",1,64,205.57,0.849,0.481,-5.131,0.0385,0.00167,0.121,1.49e-06,0.723,210720
"105","Fine China","Future","Hip Hop",1,78,166.111,0.542,0.656,-7.358,0.323,0.0484,0.126,0,0.551,141587
"106","Habitual","Justin Bieber","Pop",1,79,138.999,0.443,0.764,-6.625,0.0439,0.52,0.0749,1.96e-05,0.63,168200
"107","Blessed","Thomas Rhett","Country",1,67,175.007,0.496,0.536,-6.027,0.029,0.314,0.11,0,0.497,214173
"108","Let Me See Ya Girl","Cole Swindell","Country",1,59,92.99,0.834,0.523,-3.561,0.0281,0.254,0.393,0,0.445,187587
"109","In Case You Didn't Know","Brett Young","Country",1,71,147.986,0.536,0.607,-7.306,0.0305,0.386,0.102,0,0.434,226200
"110","Good Life","OneRepublic","Alternative/Reggae",1,70,94.988,0.69,0.634,-7.804,0.052,0.0771,0.132,0,0.645,253307
"111","Look What God Gave Her","Thomas Rhett","Country",1,74,113,0.85,0.739,-3.966,0.0308,0.0272,0.181,0,0.883,168960
"112","Like It Is","Tyga","Hip Hop",1,82,105.024,0.728,0.794,-6.759,0.114,0.121,0.227,8.82e-06,0.36,183067
"113","No Limit","G-Eazy","Hip Hop",1,75,175.957,0.771,0.838,-3.791,0.244,0.0117,0.0853,0,0.405,245387
"114","Hundred To Zero","ARMNHMR","Electronic Dance",0,42,131.983,0.815,0.442,-3.65,0.0472,0.00444,0.856,1.42e-05,0.19,201818
"115","Caress Me Down","Sublime","Alternative/Reggae",1,60,79.668,0.484,0.753,-7.519,0.258,0.0149,0.135,0,0.597,211560
"116","Speak 4 Em","Moneybagg Yo","Hip Hop",0,61,137.101,0.69,0.923,-6.457,0.317,0.012,0.114,4.16e-06,0.749,142050
"117","I Feel Love","Sam Smith","Pop",1,75,126.015,0.708,0.719,-7.418,0.0417,0.00645,0.064,0.201,0.256,254453
"118","Lazy Afternoon","Rebelution","Alternative/Reggae",1,55,147.847,0.678,0.775,-6.915,0.0351,0.0112,0.125,0.0105,0.93,210347
"119","Life is a Highway","Rascal Flatts","Country",1,72,103.041,0.953,0.58,-3.856,0.0614,0.00261,0.218,0,0.673,276320
"120","Superhuman","SLANDER","Electronic Dance",1,61,127.908,0.727,0.569,-6.415,0.0437,0.028,0.949,0,0.16,268612
"121","Northern Soul","Above & Beyond","Electronic Dance",0,56,127.983,0.543,0.569,-11.138,0.0631,0.0298,0.183,0.000187,0.121,335853
"122","Baby Birkin","Gunna","Hip Hop",1,73,118.04,0.649,0.848,-6.083,0.315,0.232,0.101,0,0.629,181948
"123","Hero","Dabin","Electronic Dance",1,55,77.5,0.666,0.561,-5.268,0.0471,0.172,0.11,0,0.258,249371
"124","Forever Yours - Avicii Tribute","Kygo","Electronic Dance",1,81,119.272,0.612,0.529,-8.794,0.052,0.253,0.246,0,0.434,193847
"125","Tongue Tied (with YUNGBLUD & blackbear)","blackbear","Pop",0,72,93.001,0.821,0.628,-2.721,0.0525,0.0208,0.426,0,0.465,186024
"126","Call You Mine","Bebe Rexha","Pop",0,84,104.01,0.696,0.585,-5.6,0.0307,0.204,0.344,0,0.522,217640
"127","Settle Down Easy","Rebelution","Alternative/Reggae",1,54,77.51,0.718,0.731,-6.177,0.0573,0.13,0.188,4.11e-06,0.85,236976
"128","Crashing (feat. Bahari)","ILLENIUM","Electronic Dance",1,67,95.995,0.681,0.582,-6.138,0.0458,0.342,0.186,0,0.273,230000
"129","Believer","Above & Beyond","Electronic Dance",1,58,96.992,0.152,0.495,-19.255,0.0286,0.942,0.173,0.964,0.0985,131827
"130","The Universe Is Yours (feat. Micah Martin)","ARMNHMR","Electronic Dance",0,37,152.019,0.902,0.319,-2.703,0.065,0.0486,0.307,0,0.225,194211
"131","First","Cold War Kids","Alternative/Reggae",1,66,78.009,0.692,0.468,-4.015,0.0295,0.0202,0.523,2.39e-06,0.561,200360
"132","TAlk tO Me (with Rich The Kid)","Tory Lanez","Hip Hop",1,69,159.97,0.657,0.731,-8.56,0.0434,0.0591,0.0874,0,0.49,184490
"133","Lo Mein","Lil Uzi Vert","Hip Hop",1,84,133.081,0.676,0.855,-5.736,0.325,0.0888,0.144,0,0.509,195299
"134","Automatic","Iration","Alternative/Reggae",1,53,135.031,0.667,0.772,-6.429,0.0401,0.053,0.0416,2.87e-06,0.867,271120
"135","Heatin Up (feat. Gunna)","Gunna","Hip Hop",1,83,129.847,0.436,0.788,-9.435,0.364,0.0611,0.0979,0,0.341,177314
"136","Potions","SLANDER","Electronic Dance",1,62,149.941,0.323,0.545,-12.006,0.0391,0.102,0.107,2.74e-06,0.193,215200
"137","All To Myself","Dan + Shay","Country",1,73,94.975,0.781,0.646,-4.616,0.0313,0.208,0.125,0,0.565,169920
"138","Cry","Alison Wonderland","Electronic Dance",1,54,161.964,0.656,0.653,-6.27,0.0441,0.0271,0.0897,0,0.511,199942
"139","Momma’s House","Dustin Lynch","Country",0,67,119.997,0.858,0.633,-3.509,0.0355,0.278,0.315,0,0.541,220160
"140","Scarlet Begonias","Sublime","Alternative/Reggae",0,57,97.363,0.807,0.86,-7.945,0.117,0.156,0.104,0.0217,0.551,211387
"141","Fuck Off","Bear Grillz","Electronic Dance",0,39,139.99,0.962,0.711,-3.586,0.0746,0.000668,0.396,0.589,0.129,205500
"142","Before He Cheats","Carrie Underwood","Country",0,73,147.905,0.749,0.519,-3.318,0.0405,0.271,0.119,0,0.29,199947
"143","In the Name of Love","Martin Garrix","Electronic Dance",0,79,133.99,0.519,0.501,-5.88,0.0409,0.109,0.454,0,0.168,195707
"144","All-American Girl","Carrie Underwood","Country",1,60,123.991,0.805,0.624,-2.632,0.029,0.0466,0.328,0,0.77,212173
"145","Golden","Harry Styles","Pop",0,79,139.863,0.838,0.448,-5.257,0.0557,0.21,0.131,0.000131,0.254,208907
"146","Parallel Line","Keith Urban","Country",1,65,81.976,0.477,0.621,-5.284,0.0334,0.202,0.215,0,0.481,253084
"147","Stockholm","Atlas Genius","Alternative/Reggae",1,51,125.04,0.746,0.568,-5.437,0.0462,0.0054,0.162,0,0.409,191640
"148","I Want My Mullet Back","Billy Ray Cyrus","Country",1,48,111.954,0.743,0.558,-4.884,0.0298,0.000484,0.107,0,0.466,198837
"149","That's All I Need","Dirty Heads","Alternative/Reggae",0,54,91.998,0.657,0.765,-6.394,0.0829,0.0175,0.345,0,0.553,213147
"150","Champions","Big Sean","Hip Hop",0,68,134.952,0.774,0.692,-2.48,0.0876,0.0623,0.873,0,0.349,334253
"151","Say to You","Ali Gatie","Pop",1,62,81.495,0.505,0.666,-6.413,0.0289,0.514,0.109,0,0.252,194108
"152","Silly Watch","Lil Uzi Vert","Hip Hop",1,82,130.117,0.535,0.903,-6.238,0.286,0.0296,0.0851,0,0.157,195692
"153","The Take (feat. Chris Brown)","Tory Lanez","Hip Hop",0,83,67.003,0.547,0.464,-8.137,0.339,0.0511,0.155,0,0.423,221492
"154","Hell Right (feat. Trace Adkins)","Blake Shelton","Country",1,60,75.966,0.829,0.547,-6.156,0.0484,0.085,0.132,1.67e-05,0.53,208373
"155","There for You","Martin Garrix","Electronic Dance",0,73,105.969,0.644,0.611,-7.607,0.0553,0.124,0.124,0,0.13,221904
"156","Bra Off","RaeLynn","Country",1,55,199.953,0.776,0.545,-4.904,0.0391,0.398,0.0845,0,0.961,166133
"157","Back Around","Iration","Alternative/Reggae",1,50,125.016,0.595,0.746,-7.457,0.037,0.114,0.0844,0.098,0.648,265933
"158","1 2 3 (feat. Blac Youngsta)","Moneybagg Yo","Hip Hop",1,66,127.046,0.58,0.947,-7.635,0.46,0.027,0.0616,0,0.778,155572
"159","Hold On (feat. Michel Zitron)","Martin Garrix","Electronic Dance",0,72,128.066,0.711,0.422,-4.809,0.0385,0.0176,0.559,0,0.321,244453
"160","Swalla (feat. Nicki Minaj & Ty Dolla $ign)","Nicki Minaj","Hip Hop",1,76,98.064,0.817,0.696,-3.862,0.109,0.075,0.187,0,0.782,216409
"161","Superstar","Dabin","Electronic Dance",1,51,134.974,0.721,0.617,-5.568,0.0375,0.0712,0.0867,6.61e-05,0.422,206222
"162","Break Up in the End","Cole Swindell","Country",1,66,86.422,0.372,0.507,-8.433,0.0303,0.481,0.271,0,0.257,199693
"163","Pretty Please","Dua Lipa","Pop",1,80,106.977,0.474,0.906,-6.124,0.194,0.0311,0.286,5.41e-06,0.654,194607
"164","Broke In A Minute","Tory Lanez","Hip Hop",0,82,120.009,0.7,0.929,-5.595,0.0906,0.144,0.349,0,0.802,132024
"165","I Mean It (feat. Remo)","G-Eazy","Hip Hop",1,73,140,0.562,0.712,-6.008,0.129,0.125,0.136,0,0.142,236480
"166","Jump Out The Window","Big Sean","Hip Hop",1,68,136.936,0.704,0.747,-6.743,0.0986,0.136,0.131,0,0.494,213693
"167","Sweet Emotion","The Kooks","Alternative/Reggae",1,57,98.02,0.829,0.764,-5.261,0.0711,0.0459,0.104,0.000184,0.606,308569
"168","2 Seater (feat. G-Eazy & Offset)","G-Eazy","Hip Hop",1,74,125.03,0.691,0.972,-4.288,0.0801,0.00135,0.115,5.91e-06,0.637,229806
"169","So Good (& Metro Boomin)","Big Sean","Hip Hop",0,66,90.008,0.404,0.619,-8.333,0.441,0.0144,0.115,0,0.566,268720
"170","Always Remember Us This Way","Lady Gaga","Pop",1,79,129.976,0.502,0.553,-5.972,0.0409,0.299,0.764,0,0.296,210200
"171","Something Good Can Work","Two Door Cinema Club","Alternative/Reggae",1,59,119.935,0.833,0.648,-5.321,0.0327,0.00583,0.178,0.000787,0.64,164187
"172","Strings","Gunna","Hip Hop",1,69,119.937,0.566,0.797,-6.654,0.042,0.128,0.114,0,0.392,194000
"173","This Is How We Roll","Florida Georgia Line","Country",1,68,132.085,0.931,0.555,-2.969,0.0367,0.016,0.405,0,0.723,220907
"174","Love Someone","Jason Mraz","Alternative/Reggae",1,47,97.955,0.363,0.579,-14.185,0.0308,0.306,0.111,0.00692,0.0754,256973
"175","Happy Now","Kygo","Electronic Dance",1,81,117.999,0.575,0.693,-6.998,0.0801,0.374,0.252,0,0.492,211362
"176","Push My Luck","The Chainsmokers","Electronic Dance",1,74,89.976,0.645,0.563,-6.422,0.0428,0.293,0.202,0,0.523,181853
"177","I'll Never Love Again - Film Version - Radio Edit","Lady Gaga","Pop",1,70,109.908,0.335,0.45,-7.464,0.0298,0.785,0.0979,1.25e-06,0.25,281235
"178","Restless","Cold War Kids","Alternative/Reggae",1,50,125.842,0.647,0.513,-5.444,0.037,0.15,0.214,4.47e-06,0.236,292680
"179","Last Hurrah","Bebe Rexha","Pop",0,72,84.259,0.618,0.514,-4.585,0.0317,0.175,0.117,0,0.401,150333
"180","Pretty Lady","Rebelution","Alternative/Reggae",1,55,138.018,0.622,0.794,-7.454,0.0889,0.0939,0.0422,0,0.694,219978
"181","Who’s Gonna Love Me Now","Cold War Kids","Alternative/Reggae",0,58,118.701,0.947,0.451,-3.607,0.207,0.00261,0.286,0.000312,0.35,171227
"182","Girl Like You","Jason Aldean","Country",0,66,144.057,0.88,0.543,-4.204,0.0365,0.035,0.304,0.000227,0.483,193067
"183","Passionfruit","Drake","Hip Hop",1,79,111.98,0.463,0.809,-11.377,0.0396,0.256,0.109,0.085,0.364,298941
"184","loneliness for love","lovelytheband","Alternative/Reggae",1,61,133.032,0.949,0.591,-4.625,0.0344,0.0126,0.0568,7.3e-06,0.733,237801
"185","Church","Alison Wonderland","Electronic Dance",0,57,94.052,0.681,0.551,-4.873,0.0401,0.0251,0.481,0,0.227,183912
"186","Rise & Fall (feat. Krewella)","Adventure Club","Electronic Dance",0,46,140.055,0.819,0.513,-5.372,0.0454,0.00224,0.058,0.153,0.449,361875
"187","Havana (feat. Young Thug)","Camila Cabello","Pop",1,83,104.988,0.523,0.765,-4.333,0.03,0.184,0.132,3.56e-05,0.394,217307
"188","Time Bomb","Iration","Alternative/Reggae",0,58,147.107,0.59,0.754,-6.525,0.046,0.192,0.11,0,0.784,190693
"189","10,000 Hours (with Justin Bieber)","Justin Bieber","Pop",1,89,89.991,0.63,0.654,-4.644,0.0259,0.153,0.111,0,0.43,167693
"190","Closer","Halsey","Pop",1,84,95.01,0.524,0.748,-5.599,0.0338,0.414,0.111,0,0.661,244960
"191","Chun-Li","Nicki Minaj","Hip Hop",0,71,128.96,0.729,0.69,-5.08,0.372,0.276,0.106,5.08e-05,0.478,191600
"192","Cold Cold Cold","Cage The Elephant","Alternative/Reggae",1,68,136.125,0.789,0.549,-6.071,0.0313,0.0178,0.059,6.68e-05,0.715,214387
"193","Love Yourself","Justin Bieber","Pop",1,82,100.418,0.378,0.609,-9.828,0.438,0.835,0.28,0,0.515,233720
"194","Like I Loved You","Brett Young","Country",1,62,76.025,0.568,0.582,-6.051,0.0297,0.196,0.0841,0,0.64,208640
"195","Takeaway - Andrew Rayel Remix","ILLENIUM","Electronic Dance",1,63,126.835,0.83,0.469,-3.301,0.0727,0.000187,0.0875,0,0.162,180000
"196","We Own It (Fast & Furious)","Wiz Khalifa","Hip Hop",1,58,171.966,0.899,0.554,-4.573,0.408,0.0521,0.0568,0,0.552,227893
"197","Old Town Road - Diplo Remix","Billy Ray Cyrus","Country",1,71,140.036,0.771,0.766,-9.108,0.0576,0.00407,0.113,3.76e-06,0.297,204027
"198","Bad Habit","The Kooks","Alternative/Reggae",0,64,123.071,0.882,0.733,-4.199,0.0389,0.051,0.131,9.92e-06,0.854,221413
"199","Alive","Dabin","Electronic Dance",1,51,154.875,0.566,0.377,-6.173,0.044,0.134,0.135,0,0.222,365419
"200","Hang Me Up To Dry","Cold War Kids","Alternative/Reggae",0,61,92.5,0.922,0.509,-2.823,0.031,0.0219,0.496,0.00117,0.645,218787
"201","Worth It (feat. Kid Ink)","Fifth Harmony","Pop",1,74,99.987,0.765,0.884,-3.865,0.0882,0.063,0.118,7.04e-06,0.594,224573
"202","make you feel pretty","lovelytheband","Alternative/Reggae",1,59,105.051,0.75,0.671,-6.128,0.0373,0.188,0.182,0,0.76,230857
"203","Molecules","Atlas Genius","Alternative/Reggae",0,38,117.019,0.827,0.557,-4.885,0.0387,0.000431,0.151,5.13e-05,0.419,272600
"204","Cruise","Florida Georgia Line","Country",1,71,148,0.948,0.457,-3.364,0.0354,0.0191,0.0536,0,0.878,208960
"205","Broken Boy (feat. Iggy Pop)","Cage The Elephant","Alternative/Reggae",0,61,166.03,0.939,0.492,-3.501,0.118,0.00247,0.131,0.0021,0.484,163208
"206","Play It Again","Luke Bryan","Country",1,75,143.935,0.886,0.506,-3.225,0.0655,0.0916,0.0734,0,0.595,226867
"207","Sangria","Blake Shelton","Country",1,65,115.984,0.724,0.646,-6.96,0.0265,0.017,0.153,1.39e-06,0.54,233480
"208","Out The Mud","Future","Hip Hop",1,69,160.051,0.497,0.746,-5.785,0.149,0.00944,0.101,8.6e-05,0.25,157816
"209","I'm Not The Only One","Sam Smith","Pop",1,82,82.001,0.485,0.677,-5.795,0.0361,0.529,0.0766,2.04e-05,0.493,239317
"210","Upside Down","Jack Johnson","Alternative/Reggae",0,67,102.485,0.655,0.787,-8.339,0.0431,0.238,0.138,0.000171,0.65,208653
"211","Sun","Two Door Cinema Club","Alternative/Reggae",0,59,96.967,0.528,0.65,-5.642,0.0288,0.00927,0.111,0.000419,0.595,187720
"212","I'll Name the Dogs","Blake Shelton","Country",1,67,83.392,0.87,0.348,-5.86,0.137,0.171,0.202,4.4e-06,0.763,183640
"213","NBAYOUNGBOAT","Lil Yachty","Hip Hop",1,64,82.422,0.807,0.769,-2.966,0.306,0.0515,0.111,0,0.364,139845
"214","God's Country","Blake Shelton","Country",1,65,139.988,0.754,0.536,-5.102,0.0399,0.0597,0.118,4.92e-06,0.212,204800
"215","Lay Me Down","Dirty Heads","Alternative/Reggae",1,61,170.032,0.78,0.668,-6.481,0.0901,0.0487,0.107,0,0.739,215147
"216","YOSEMITE","Travis Scott","Hip Hop",1,78,128.047,0.554,0.785,-6.571,0.0409,0.283,0.116,3.4e-06,0.144,150043
"217","Freaky","Tory Lanez","Hip Hop",1,70,104.991,0.563,0.966,-5.764,0.0618,0.00202,0.105,0,0.363,173926
"218","Heartbeat","Carrie Underwood","Country",1,64,139.999,0.766,0.54,-4.478,0.05,0.606,0.0903,0,0.435,209920
"219","Too Good At Goodbyes","Sam Smith","Pop",1,76,91.873,0.372,0.681,-8.237,0.0432,0.64,0.169,0,0.476,201000
"220","True To Myself","Ziggy Marley","Alternative/Reggae",1,63,99.019,0.564,0.88,-6.431,0.0498,0.0796,0.0565,0,0.83,225600
"221","don't worry, you will","lovelytheband","Alternative/Reggae",0,56,120.048,0.702,0.751,-4.382,0.0515,0.0931,0.141,0,0.851,197000
"222","Sledgehammer","Fifth Harmony","Pop",1,64,99.98,0.777,0.671,-4.322,0.046,0.0057,0.0783,0.0011,0.289,230907
"223","In Your Arms (with X Ambassadors)","ILLENIUM","Electronic Dance",1,76,148.036,0.806,0.404,-4.75,0.0496,0.198,0.114,0,0.112,220730
"224","Drowns The Whiskey (feat. Miranda Lambert)","Jason Aldean","Country",1,65,90.006,0.698,0.552,-4.817,0.0306,0.294,0.0905,0.000103,0.6,202067
"225","Holding On","Dabin","Electronic Dance",1,56,144.98,0.675,0.491,-5.722,0.0368,0.0518,0.111,1.19e-05,0.23,217655
"226","Me, Myself & I","Bebe Rexha","Pop",0,76,111.996,0.672,0.757,-6.524,0.0955,0.0186,0.158,0,0.382,251467
"227","Yummy","Justin Bieber","Pop",0,84,145.842,0.506,0.676,-6.652,0.0958,0.345,0.118,0,0.497,208520
"228","Alone (tofû remix)","ARMNHMR","Electronic Dance",1,46,150.012,0.816,0.449,-4.115,0.0465,0.0543,0.0986,0,0.196,236800
"229","A Guy with a Girl","Blake Shelton","Country",1,64,163.948,0.893,0.552,-4.593,0.0383,0.0158,0.105,0,0.777,189467
"230","W (feat. Gunna)","Gunna","Hip Hop",0,72,100.98,0.721,0.856,-6.813,0.0779,0.178,0.0913,2.14e-05,0.902,230151
"231","Slow Down Love","Louis The Child","Electronic Dance",0,64,127.275,0.59,0.618,-7.751,0.359,0.559,0.208,3.42e-05,0.285,157891
"232","Lucky","Jason Mraz","Alternative/Reggae",1,76,130.032,0.417,0.623,-8.699,0.0354,0.296,0.135,0,0.721,191360
"233","Don't Start Now","Dua Lipa","Pop",0,83,123.941,0.793,0.794,-4.521,0.0842,0.0125,0.0952,0,0.677,183290
"234","She Moves In Her Own Way","The Kooks","Alternative/Reggae",1,54,76.412,0.81,0.431,-5.379,0.066,0.276,0.0906,0,0.795,169307
"235","Eleven","Khalid","Pop",0,82,129.004,0.396,0.701,-10.182,0.119,0.112,0.223,0.0209,0.115,206361
"236","Lay Me Down","Sam Smith","Pop",1,76,125.319,0.19,0.468,-11.138,0.0373,0.919,0.107,0,0.326,219536
"237","King's Dead (with Kendrick Lamar, Future & James Blake)","Future","Hip Hop",1,72,137.133,0.705,0.645,-5.008,0.299,0.000813,0.128,0,0.376,229670
"238","Falling","Harry Styles","Pop",1,87,110.011,0.267,0.567,-6.502,0.0299,0.839,0.089,1.46e-06,0.0592,240133
"239","Wait And See","Iration","Alternative/Reggae",0,50,140.3,0.683,0.768,-7.826,0.0382,0.0422,0.0854,4.77e-05,0.964,234240
"240","Save Us From Ourselves (feat. Micah Martin) [Arknights Soundtrack]","Bear Grillz","Electronic Dance",1,40,150,0.946,0.499,-2.032,0.0464,0.000502,0.0899,3.06e-06,0.478,185600
"241","Jesus, Take the Wheel","Carrie Underwood","Country",1,63,76.572,0.518,0.359,-3.537,0.0302,0.665,0.106,0,0.135,226493
"242","Mercy","Brett Young","Country",1,65,71.957,0.367,0.638,-7.906,0.0266,0.84,0.0999,0,0.219,217120
"243","Fast Cars And Freedom","Rascal Flatts","Country",0,56,117.954,0.824,0.616,-4.842,0.03,0.0135,0.108,2.13e-05,0.623,262187
"244","Fire On Fire - From ""Watership Down""","Sam Smith","Pop",0,80,115.124,0.407,0.584,-7.356,0.046,0.476,0.18,0,0.341,246735
"245","Living Single","Big Sean","Hip Hop",1,67,80.109,0.62,0.714,-5.045,0.296,0.223,0.109,0,0.73,276347
"246","Let's See What The Night Can Do","Jason Mraz","Alternative/Reggae",1,61,113.537,0.423,0.392,-7.813,0.0348,0.27,0.117,0,0.288,245187
"247","Turks (feat. Travis Scott)","Gunna","Hip Hop",0,84,119.099,0.618,0.893,-4.425,0.112,0.0827,0.542,0,0.389,161377
"248","Blue Monday","Above & Beyond","Electronic Dance",1,57,130.035,0.893,0.649,-5.641,0.0349,0.00444,0.222,0.42,0.378,252920
"249","Alone Together","Dan + Shay","Country",1,63,179.975,0.87,0.541,-4.741,0.122,0.00527,0.0867,0,0.665,171440
"250","Mind Reader","Dustin Lynch","Country",0,59,162.053,0.8,0.394,-4.17,0.0413,0.0266,0.184,0,0.525,185413
"251","High","Alison Wonderland","Electronic Dance",1,50,135.985,0.594,0.416,-6.836,0.0661,0.0137,0.573,1.24e-06,0.114,174775
"252","I'd Be Jealous Too","Dustin Lynch","Country",1,65,100.934,0.718,0.716,-5.355,0.0293,0.0896,0.473,0,0.537,185707
"253","Ocean (feat. Khalid)","Martin Garrix","Electronic Dance",0,74,139.912,0.693,0.506,-7.265,0.0412,0.584,0.0891,9.58e-05,0.221,216420
"254","Next Year","Two Door Cinema Club","Alternative/Reggae",1,50,127.453,0.809,0.562,-4.976,0.0693,0.00232,0.0732,0.000629,0.476,251453
"255","these are my friends","lovelytheband","Alternative/Reggae",0,58,84.977,0.732,0.617,-6.737,0.0278,0.0278,0.125,0,0.723,208947
"256","Paris","The Chainsmokers","Electronic Dance",1,70,99.99,0.658,0.653,-6.428,0.0304,0.0215,0.0939,1.66e-06,0.219,221507
"257","Love Is Gone - Acoustic","SLANDER","Electronic Dance",1,57,139.644,0.153,0.541,-10.654,0.0303,0.882,0.16,1.66e-06,0.359,176972
"258","New Phone, Who's This","Chris Lane","Country",1,44,74.986,0.851,0.612,-5.369,0.0857,0.235,0.239,0,0.824,164120
"259","The Way We Were","Bear Grillz","Electronic Dance",1,43,139.858,0.684,0.557,-4.695,0.0542,0.512,0.157,0,0.125,195429
"260","Broken Promises","Iration","Alternative/Reggae",1,48,167.956,0.765,0.719,-4.416,0.0674,0.0147,0.0485,0.00079,0.525,223093
"261","Good People","Jack Johnson","Alternative/Reggae",1,57,176.137,0.586,0.72,-6.001,0.035,0.215,0.0919,2.23e-05,0.908,208507
"262","Sold Out Dates (feat. Lil Baby)","Gunna","Hip Hop",0,71,126.991,0.556,0.817,-7.178,0.14,0.469,0.131,0,0.314,166368
"263","Back Seat","Atlas Genius","Alternative/Reggae",1,39,130.011,0.682,0.783,-5.948,0.0379,0.033,0.111,0.0152,0.939,183027
"264","One Kiss (with Dua Lipa)","Dua Lipa","Pop",0,84,123.994,0.862,0.791,-3.24,0.11,0.037,0.0814,2.19e-05,0.592,214847
"265","Sorry","Justin Bieber","Pop",0,79,99.945,0.76,0.654,-3.669,0.045,0.0797,0.299,0,0.41,200787
"266","broken - Cash Cash Remix","lovelytheband","Alternative/Reggae",0,53,140.81,0.747,0.497,-3.112,0.0894,0.0259,0.0697,0,0.355,191067
"267","God Made Girls","RaeLynn","Country",1,55,156.053,0.917,0.488,-2.939,0.0291,0.0897,0.135,3.25e-06,0.772,215013
"268","Flatliner","Cole Swindell","Country",1,63,114.995,0.896,0.555,-3.295,0.0388,0.00434,0.145,0,0.578,177067
"269","Need Your Love (with Noah Kahan)","Seven Lions","Electronic Dance",1,70,104.099,0.76,0.581,-3.962,0.0406,0.16,0.183,0,0.523,205787
"270","Nothin' Like You","Dan + Shay","Country",1,66,84.956,0.704,0.589,-4.772,0.0303,0.151,0.067,0,0.437,186253
"271","Yacht Club (feat. Juice WRLD)","Lil Yachty","Hip Hop",1,75,159.911,0.508,0.721,-7.496,0.394,0.317,0.153,0,0.457,166343
"272","Take Back Home Girl (feat. Tori Kelly)","Chris Lane","Country",1,69,159.988,0.796,0.493,-3.971,0.0691,0.39,0.0957,0,0.644,212107
"273","God Gave Me You","Blake Shelton","Country",1,64,151.977,0.844,0.483,-5.043,0.0314,0.00481,0.405,7.29e-05,0.543,229533
"274","Gold (feat. Yuna)","Adventure Club","Electronic Dance",0,51,145.022,0.675,0.479,-4.893,0.0413,0.0319,0.128,0.00536,0.189,257045
"275","Dragonfly","Ziggy Marley","Alternative/Reggae",1,47,101.564,0.482,0.771,-8.323,0.0686,0.396,0.0871,2.33e-06,0.581,254427
"276","Live Off My Closet (feat. Future)","Lil Baby","Hip Hop",0,78,147.004,0.678,0.807,-3.244,0.177,0.0345,0.0986,0,0.21,173061
"277","Always Where I Need To Be","The Kooks","Alternative/Reggae",1,56,168.355,0.961,0.331,-4.627,0.0663,0.000146,0.322,0,0.882,161720
"278","Poker Face","Lady Gaga","Pop",1,63,118.999,0.806,0.851,-4.62,0.0787,0.118,0.121,1.64e-06,0.787,237200
"279","I Can Talk","Two Door Cinema Club","Alternative/Reggae",0,51,162.92,0.753,0.475,-5.058,0.214,2.58e-05,0.212,0.0968,0.672,177427
"280","LOYAL (feat. Drake)","Drake","Hip Hop",0,55,104.952,0.53,0.866,-6.347,0.0495,0.517,0.0946,0.00159,0.203,197973
"281","Safe and Sound","Rebelution","Alternative/Reggae",0,58,77.688,0.587,0.827,-8.189,0.0604,0.00545,0.055,0,0.539,229493
"282","GUD VIBRATIONS - Habstrakt Remix","SLANDER","Electronic Dance",1,57,124.936,0.969,0.681,-1.83,0.13,0.00451,0.526,0.221,0.184,203679
"283","Say (feat. Dan + Shay)","RaeLynn","Country",1,50,123.986,0.691,0.643,-4.486,0.0316,0.231,0.104,0,0.26,178120
"284","Most People Are Good","Luke Bryan","Country",1,67,150.109,0.732,0.586,-6.171,0.0279,0.176,0.148,0,0.582,221801
"285","Ooh La","The Kooks","Alternative/Reggae",0,43,150.891,0.873,0.543,-5.159,0.0803,0.0165,0.15,9.45e-05,0.786,208973
"286","Chapters","Brett Young","Country",1,61,81.015,0.613,0.589,-6.816,0.0379,0.179,0.0967,0,0.643,237107
"287","me & ur ghost","blackbear","Pop",1,83,100.026,0.631,0.755,-6.128,0.0261,0.0638,0.0929,0,0.881,200400
"288","I'm In Love With a Monster","Fifth Harmony","Pop",0,59,145.059,0.812,0.666,-4.07,0.0647,0.0597,0.0603,0,0.868,211932
"289","Can't Lie","Ali Gatie","Pop",1,74,131.952,0.414,0.802,-10.635,0.0776,0.872,0.0863,0,0.377,195066
"290","Chevys and Fords","Billy Ray Cyrus","Country",1,44,142.373,0.816,0.414,-3.069,0.0362,0.132,0.187,0,0.525,267680
"291","Scared to Be Lonely","Dua Lipa","Pop",0,80,137.972,0.54,0.584,-7.786,0.0576,0.0895,0.261,0,0.195,220883
"292","Come a Little Closer","Cage The Elephant","Alternative/Reggae",0,66,148.027,0.777,0.44,-1.786,0.0327,0.0265,0.151,1.01e-06,0.306,229347
"293","Takeaway","ILLENIUM","Electronic Dance",1,85,100.1,0.511,0.528,-8.144,0.0324,0.126,0.101,0,0.351,209880
"294","hot girl bummer","blackbear","Pop",0,90,129.989,0.559,0.778,-7.109,0.0776,0.128,0.399,0,0.678,185093
"295","My Year","G-Eazy","Hip Hop",0,67,145.025,0.811,0.84,-3.243,0.0498,0.213,0.258,0,0.71,190345
"296","XO Tour Llif3","Lil Uzi Vert","Hip Hop",0,85,155.096,0.75,0.732,-6.366,0.231,0.00264,0.109,0,0.401,182707
"297","Super Bass","Nicki Minaj","Hip Hop",1,70,126.991,0.861,0.72,-4.339,0.209,0.269,0.601,5.11e-06,0.669,200013
"298","Closer","The Chainsmokers","Electronic Dance",1,84,95.01,0.524,0.748,-5.599,0.0338,0.414,0.111,0,0.661,244960
"299","It's You","Ali Gatie","Pop",0,88,95.971,0.463,0.732,-6.972,0.0287,0.374,0.194,0,0.397,212607
"300","Take What You Want (feat. Ozzy Osbourne & Travis Scott)","Post Malone","Pop",0,83,139.919,0.8,0.499,-2.665,0.0502,0.0906,0.147,0,0.272,229573
"301","WANT U (feat. Lilianna Wilde)","ARMNHMR","Electronic Dance",1,51,149.834,0.792,0.299,-4.931,0.0565,0.0327,0.159,0,0.306,195208
"302","How Not To","Dan + Shay","Country",0,66,159.863,0.836,0.501,-3.587,0.0491,0.208,0.152,0,0.618,192000
"303","Losing You","Ali Gatie","Pop",1,62,160.041,0.495,0.696,-9.466,0.0888,0.822,0.128,0,0.44,164309
"304","Hello, Goodbye (feat. Heather Sommer)","ARMNHMR","Electronic Dance",1,41,145.02,0.843,0.417,-4.474,0.0461,0.359,0.243,0,0.257,248276
"305","Know Your Worth","Khalid","Pop",0,88,103.007,0.694,0.79,-7.726,0.0708,0.145,0.281,0.00252,0.508,181436
"306","Strangers","Seven Lions","Electronic Dance",0,57,129.978,0.697,0.577,-7.429,0.0399,0.0142,0.157,1.6e-06,0.489,204213
"307","Cop Car","Keith Urban","Country",1,61,154.033,0.664,0.538,-6.318,0.0392,0.193,0.0918,0,0.366,256747
"308","I Know","Big Sean","Hip Hop",1,68,119.976,0.334,0.744,-11.314,0.0757,0.327,0.116,0,0.27,319973
"309","Money In The Grave (Drake ft. Rick Ross)","Drake","Hip Hop",0,86,100.541,0.502,0.831,-4.045,0.046,0.101,0.122,0,0.101,205427
"310","Sunsets For Somebody Else","Jack Johnson","Alternative/Reggae",1,67,113.273,0.229,0.696,-7.911,0.0331,0.828,0.152,1.34e-05,0.603,210467
"311","Drinking Alone","Carrie Underwood","Country",0,64,97.949,0.732,0.691,-3.715,0.0294,0.0326,0.0608,0,0.477,258293
"312","If So","Atlas Genius","Alternative/Reggae",1,47,125.022,0.698,0.646,-5.019,0.0345,0.000177,0.323,3.36e-06,0.645,180053
"313","bad guy (with Justin Bieber)","Justin Bieber","Pop",1,81,135.055,0.453,0.67,-11.265,0.295,0.252,0.117,0.33,0.68,194840
"314","Oprah’s Bank Account (Lil Yachty & DaBaby feat. Drake)","Lil Yachty","Hip Hop",1,85,138.065,0.617,0.836,-4.363,0.0534,0.17,0.319,0,0.866,206702
"315","Somewhere In My Car","Keith Urban","Country",1,58,118.008,0.861,0.588,-5.531,0.0395,0.00546,0.0797,1.38e-05,0.525,195973
"316","Dirt Road Anthem","Jason Aldean","Country",1,72,127.024,0.741,0.68,-5.055,0.0357,0.347,0.117,1.87e-06,0.635,229400
"317","rockstar (feat. 21 Savage)","Post Malone","Pop",0,87,159.801,0.52,0.585,-6.136,0.0712,0.124,0.131,7.01e-05,0.129,218147
"318","Sum 2 Prove","Lil Baby","Hip Hop",0,74,124.011,0.552,0.827,-7.571,0.274,0.0169,0.122,0,0.408,205760
"319","Stone Cold","Demi Lovato","Pop",1,77,140.327,0.453,0.419,-7.685,0.0437,0.539,0.0971,0,0.356,191308
"320","Better Together","Jack Johnson","Alternative/Reggae",1,71,110.059,0.347,0.868,-9.529,0.0536,0.308,0.11,2e-05,0.659,207680
"321","Worry About Me (feat. blackbear)","blackbear","Pop",1,75,161.885,0.743,0.664,-7.114,0.206,0.115,0.34,0,0.534,179759
"322","Night Light","Above & Beyond","Electronic Dance",1,59,66.938,0.0478,0.211,-27.361,0.0506,0.78,0.113,0.94,0.169,123947
"323","First Time (feat. Dylan Matthew)","SLANDER","Electronic Dance",1,63,150.131,0.677,0.422,-5.76,0.0365,0.251,0.16,3.55e-06,0.146,297782
"324","Nice For What","Drake","Hip Hop",1,80,93.394,0.909,0.586,-6.474,0.0705,0.0891,0.119,0.000109,0.757,210747
"325","Who Do You Love","The Chainsmokers","Electronic Dance",1,81,139.927,0.846,0.51,-4.595,0.0461,0.0101,0.208,0,0.475,226733
"326","Wow.","Post Malone","Pop",0,86,99.96,0.539,0.829,-7.359,0.208,0.136,0.103,1.78e-06,0.388,149547
"327","West Coast (feat. Blueface, ALLBLACK & YG)","G-Eazy","Hip Hop",1,65,98.023,0.775,0.882,-4.986,0.334,0.0738,0.701,0,0.805,256967
"328","Catch","Brett Young","Country",1,63,156.036,0.765,0.566,-6.337,0.0439,0.0248,0.0783,0,0.604,196440
"329","See The End","Seven Lions","Electronic Dance",1,62,127.975,0.656,0.497,-6.716,0.0374,0.0141,0.0577,0,0.0884,185747
"330","Somebody Like You","Keith Urban","Country",1,66,111.02,0.84,0.624,-5.768,0.0337,0.108,0.144,0.000546,0.656,323040
"331","Sunflower, Vol. 6","Harry Styles","Pop",0,79,160.02,0.846,0.566,-6.904,0.035,0.000564,0.121,0.000795,0.86,221827
"332","Low Life","Future","Hip Hop",1,75,143.974,0.331,0.722,-7.789,0.0725,0.337,0.146,0.283,0.102,313547
"333","That's My Girl","Fifth Harmony","Pop",0,70,202.049,0.851,0.596,-4.245,0.121,0.0358,0.365,3.19e-05,0.612,204013
"334","Bean (Kobe) [feat. Chief Keef]","Lil Uzi Vert","Hip Hop",1,81,75.491,0.567,0.733,-6.718,0.319,0.0128,0.382,0,0.318,238816
"335","I Don't Fuck With You","Big Sean","Hip Hop",1,74,97.971,0.733,0.824,-5.475,0.0613,0.0355,0.324,0,0.393,284387
"336","Here Tonight","Brett Young","Country",1,63,96.002,0.776,0.517,-5.271,0.0362,0.0144,0.113,0,0.448,216533
"337","Peace","Alison Wonderland","Electronic Dance",0,56,85.201,0.684,0.362,-5.174,0.0854,0.279,0.165,1.08e-05,0.389,177601
"338","Blue Ain't Your Color","Keith Urban","Country",1,69,82.45,0.416,0.69,-7.865,0.0335,0.617,0.102,1.37e-06,0.479,230600
"339","Jumpman","Future","Hip Hop",1,74,142.072,0.553,0.852,-7.286,0.187,0.0563,0.332,0,0.656,205879
"340","Don't Let Me Down","The Chainsmokers","Electronic Dance",1,79,159.803,0.869,0.532,-5.094,0.172,0.157,0.136,0.00508,0.422,208373
"341","Liar","Camila Cabello","Pop",0,75,98.016,0.498,0.74,-6.684,0.0456,0.0169,0.319,0.00282,0.652,207039
"342","Family","The Chainsmokers","Electronic Dance",1,80,117.817,0.607,0.584,-6.605,0.0356,0.426,0.101,0,0.374,194827
"343","Junk Of The Heart (Happy)","The Kooks","Alternative/Reggae",1,64,145.014,0.894,0.604,-5,0.037,0.0212,0.0299,0,0.901,187253
"344","Big, Big Plans","Chris Lane","Country",1,74,149.97,0.58,0.574,-6.091,0.0278,0.076,0.12,0,0.4,187307
"345","Firestorm (feat. Sara Diamond)","Adventure Club","Electronic Dance",0,46,140.053,0.73,0.629,-4.341,0.0353,0.148,0.0943,9.78e-06,0.232,207470
"346","Everyday","Marshmello","Electronic Dance",1,76,149.908,0.741,0.667,-4.099,0.0378,0.0425,0.0761,0,0.422,204747
"347","Old Town Road - Remix","Billy Ray Cyrus","Country",1,87,136.041,0.619,0.878,-5.56,0.102,0.0533,0.113,0,0.639,157067
"348","P2","Lil Uzi Vert","Hip Hop",0,88,155.086,0.72,0.775,-5.353,0.193,0.0236,0.114,0,0.49,234627
"349","Love On The Brain - Los Feliz Blvd","Cold War Kids","Alternative/Reggae",0,51,140.719,0.431,0.378,-5.257,0.0335,0.862,0.0867,0,0.336,266852
"350","Yikes","Nicki Minaj","Hip Hop",1,79,149.996,0.637,0.911,-8.381,0.447,0.0409,0.238,3.68e-05,0.66,156882
"351","Any Ol' Barstool","Jason Aldean","Country",1,66,143.78,0.722,0.536,-4.163,0.0284,0.312,0.117,0,0.499,203293
"352","Sloth's Revenge","Dirty Heads","Alternative/Reggae",1,56,96.027,0.474,0.827,-9.72,0.0905,0.544,0.115,0,0.759,213383
"353","Telephone","Lady Gaga","Pop",0,66,122.021,0.832,0.825,-5.853,0.0403,0.00587,0.114,0.000789,0.713,220627
"354","Love You Too Late","Cole Swindell","Country",0,66,113.95,0.797,0.542,-4.45,0.0379,0.00111,0.0906,0,0.593,204720
"355","Sleep Without You","Brett Young","Country",0,64,88.543,0.707,0.626,-5.755,0.0425,0.0169,0.0769,0,0.653,188467
"356","Have It All","Jason Mraz","Alternative/Reggae",0,67,82.001,0.638,0.643,-4.947,0.0407,0.204,0.0707,0,0.6,226107
"357","Heart Attack","Demi Lovato","Pop",1,74,173.968,0.785,0.504,-4.802,0.104,0.0738,0.239,0,0.502,210840
"358","Firestone (feat. Conrad Sewell)","Kygo","Electronic Dance",0,76,113.055,0.652,0.486,-7.226,0.052,0.408,0.077,6.63e-05,0.391,273684
"359","Limitless (feat. Delaney Jane)","Adventure Club","Electronic Dance",0,50,80.01,0.724,0.511,-4.333,0.0495,0.0773,0.155,1.09e-05,0.132,244611
"360","It Ain’t Me (with Selena Gomez)","Kygo","Electronic Dance",1,67,99.968,0.533,0.64,-6.596,0.0706,0.119,0.0864,0,0.515,220781
"361","Born To Be Yours","Kygo","Electronic Dance",1,63,114.011,0.688,0.688,-5.84,0.0357,0.3,0.0982,0,0.451,193321
"362","My Oh My (feat. DaBaby)","Camila Cabello","Pop",1,91,105.046,0.491,0.724,-6.024,0.0296,0.018,0.0887,1.29e-05,0.383,170746
"363","Vacation","Dirty Heads","Alternative/Reggae",1,58,150.017,0.754,0.739,-5.034,0.035,0.0431,0.0999,0,0.793,209142
"364","H.O.L.Y.","Florida Georgia Line","Country",0,68,78.075,0.666,0.523,-4.081,0.0328,0.401,0.0726,0,0.562,194760
"365","All These Girls","Atlas Genius","Alternative/Reggae",1,41,148.018,0.838,0.655,-4.855,0.0361,0.00502,0.313,0,0.406,204027
"366","I Don't Know About You","Chris Lane","Country",1,74,144.011,0.81,0.593,-5.733,0.0625,0.602,0.119,0,0.712,207933
"367","Changing of the Seasons","Two Door Cinema Club","Alternative/Reggae",1,54,130.014,0.865,0.544,-4.644,0.137,5.18e-05,0.116,0.00029,0.593,222880
"368","In the Name of Love","Bebe Rexha","Pop",0,79,133.99,0.519,0.501,-5.88,0.0409,0.109,0.454,0,0.168,195707
"369","Life Is Good (feat. Drake, DaBaby & Lil Baby) - Remix","Future","Hip Hop",1,82,142.069,0.566,0.81,-8.33,0.433,0.107,0.122,0,0.582,315346
"370","Thinking 'Bout You (feat. Lauren Alaina)","Dustin Lynch","Country",1,67,203.918,0.747,0.394,-4.446,0.0627,0.13,0.0747,0,0.776,170560
"371","The Remedy (I Won't Worry)","Jason Mraz","Alternative/Reggae",1,60,94.519,0.867,0.589,-4.523,0.0385,0.04,0.306,0,0.795,256441
"372","Feeling Alright","Rebelution","Alternative/Reggae",1,61,134.204,0.584,0.836,-8.219,0.0793,0.0387,0.102,0,0.68,266400
"373","New Rules - Alison Wonderland Remix","Alison Wonderland","Electronic Dance",0,52,128.092,0.59,0.578,-6.162,0.0431,0.00721,0.077,0.00711,0.253,263404
"374","Intentions (feat. Quavo)","Justin Bieber","Pop",1,90,147.986,0.546,0.806,-6.637,0.0575,0.3,0.102,0,0.874,212867
"375","Cherry","Harry Styles","Pop",1,79,95.946,0.512,0.53,-9.261,0.0259,0.615,0.129,0.00453,0.411,259187
"376","Fallen (feat. Desiree Dawson) (WILLIAM BLACK Remix)","ARMNHMR","Electronic Dance",0,46,145.021,0.678,0.578,-8.206,0.0666,0.143,0.143,1.3e-06,0.237,232923
"377","Somebody To Love","OneRepublic","Alternative/Reggae",1,71,118.491,0.503,0.401,-8.084,0.0437,0.0158,0.134,0,0.236,181408
"378","Bad Romance","Lady Gaga","Pop",1,79,119.001,0.921,0.696,-3.755,0.0363,0.00314,0.0842,5.24e-05,0.714,294573
"379","Secrets","OneRepublic","Alternative/Reggae",1,76,148.021,0.764,0.516,-6.223,0.0366,0.0717,0.115,0,0.376,224693
"380","SKYBOX","Gunna","Hip Hop",1,79,140.894,0.708,0.779,-6.527,0.162,0.0999,0.0934,0,0.345,178097
"381","Tequila","Dan + Shay","Country",1,76,86.016,0.581,0.489,-5.731,0.0281,0.0312,0.132,0,0.494,196747
"382","Shallow","Lady Gaga","Pop",1,86,95.799,0.385,0.572,-6.362,0.0308,0.371,0.231,0,0.323,215733
"383","Good Girl","Dustin Lynch","Country",1,70,80.512,0.696,0.711,-5.05,0.0871,0.16,0.17,0,0.694,189533
"384","OUT WEST (feat. Young Thug)","Travis Scott","Hip Hop",1,87,139.864,0.591,0.802,-4.895,0.225,0.0104,0.196,0,0.309,157712
"385","Born This Way","Lady Gaga","Pop",1,67,123.907,0.828,0.587,-5.108,0.161,0.00327,0.331,0,0.494,260253
"386","Doin' Time - Original Version","Sublime","Alternative/Reggae",1,63,80.976,0.757,0.708,-5.121,0.0791,0.0362,0.17,0,0.552,253840
"387","Remember You Young","Thomas Rhett","Country",1,71,113.994,0.51,0.396,-6.274,0.0327,0.355,0.113,0,0.299,180467
"388","Good Things Fall Apart (with Jon Bellion) [Tiësto's Big Room Remix]","ILLENIUM","Electronic Dance",1,65,129.975,0.81,0.563,-2.921,0.0522,0.00522,0.0846,0,0.495,247385
"389","Never Be the Same","Camila Cabello","Pop",1,74,129.923,0.713,0.637,-4.333,0.0747,0.181,0.137,0.000637,0.243,226973
"390","Here With Me","Marshmello","Electronic Dance",0,82,99.961,0.565,0.791,-3.933,0.0439,0.0623,0.156,0,0.181,156347
"391","Like It Is","Kygo","Electronic Dance",1,82,105.024,0.728,0.794,-6.759,0.114,0.121,0.227,8.82e-06,0.36,183067
"392","Close Friends (Lil Baby & Gunna)","Lil Baby","Hip Hop",0,77,158.896,0.578,0.676,-4.669,0.375,0.0509,0.0796,0,0.698,203881
"393","Idfc","blackbear","Pop",0,80,144.871,0.5,0.63,-8.755,0.0611,0.611,0.114,4.04e-05,0.315,245172
"394","You Make It Easy","Jason Aldean","Country",1,72,132.025,0.574,0.375,-5.305,0.0315,0.143,0.11,0,0.406,196800
"395","Do The Most","Tory Lanez","Hip Hop",1,74,102.022,0.635,0.874,-6.703,0.164,0.0326,0.0676,0,0.369,144098
"396","Jamming - Exodus 40 Mix","Ziggy Marley","Alternative/Reggae",0,48,123.601,0.497,0.917,-10.59,0.185,0.425,0.0734,0.00344,0.811,210760
"397","What Hurts The Most","Rascal Flatts","Country",0,70,136.002,0.674,0.537,-5.134,0.0277,0.0088,0.265,0,0.33,214107
"398","Talk - Single Edit","Two Door Cinema Club","Alternative/Reggae",1,46,122.973,0.806,0.741,-5.729,0.0696,0.00855,0.141,0.000193,0.832,216504
"399","Nonstop","Drake","Hip Hop",1,81,154.983,0.412,0.912,-8.074,0.124,0.0164,0.104,0.013,0.422,238614
"400","Marry Me","Thomas Rhett","Country",1,67,85.028,0.412,0.333,-8.633,0.029,0.0977,0.112,0,0.474,206227
"401","FEELING GUD","SLANDER","Electronic Dance",0,63,173.741,0.94,0.484,-3.682,0.257,0.0145,0.266,0.000323,0.334,190682
"402","Smile Without U (feat. Nevve)","Bear Grillz","Electronic Dance",0,45,145.716,0.819,0.522,-4.685,0.179,0.241,0.085,0,0.124,190685
"403","One Thing Right","Marshmello","Electronic Dance",1,83,88.042,0.623,0.659,-2.253,0.0451,0.0667,0.582,0,0.439,181824
"404","Badfish","Sublime","Alternative/Reggae",0,64,92.059,0.548,0.801,-5.482,0.0517,0.0854,0.387,0.000232,0.627,188086
"405","Miracle Mile","Cold War Kids","Alternative/Reggae",1,54,142.849,0.867,0.355,-3.144,0.0738,0.00664,0.323,0.554,0.295,180133
"406","Unforgettable","Thomas Rhett","Country",1,64,130.077,0.75,0.661,-5.497,0.0314,0.0303,0.0846,0.000132,0.828,157573
"407","Home (with Machine Gun Kelly, X Ambassadors & Bebe Rexha)","Bebe Rexha","Pop",0,73,82.034,0.718,0.653,-5.232,0.213,0.00413,0.0537,0,0.216,202805
"408","Banana Pancakes","Jack Johnson","Alternative/Reggae",1,69,114.303,0.375,0.816,-8.053,0.0996,0.607,0.0933,8.66e-06,0.615,191907
"409","Myron","Lil Uzi Vert","Hip Hop",0,86,155.048,0.654,0.771,-6.976,0.299,0.055,0.214,0,0.571,224955
"410","Turn Your Lights Down Low - Exodus 40 Mix","Ziggy Marley","Alternative/Reggae",1,53,142.329,0.334,0.73,-11.212,0.0633,0.0956,0.123,3.1e-05,0.498,245173
"411","Drip Too Hard (Lil Baby & Gunna)","Gunna","Hip Hop",0,83,112.511,0.662,0.897,-6.903,0.292,0.0852,0.534,0,0.389,145543
"412","What I Got","Sublime","Alternative/Reggae",1,71,95.721,0.696,0.804,-7.47,0.0899,0.00877,0.314,0.000985,0.657,170907
"413","Yessirskiii","Lil Uzi Vert","Hip Hop",1,81,140.003,0.739,0.896,-6.633,0.283,0.0183,0.102,7.61e-06,0.763,219340
"414","Exodus - Exodus 40 Mix","Ziggy Marley","Alternative/Reggae",1,51,132.808,0.727,0.842,-9.234,0.0487,0.00222,0.0835,0.000844,0.879,302467
"415","Never Recover (Lil Baby & Gunna, Drake)","Gunna","Hip Hop",0,72,132.055,0.686,0.753,-5.415,0.284,0.0677,0.193,0,0.886,194732
"416","Dior (feat. Gunna)","Moneybagg Yo","Hip Hop",0,64,140.005,0.534,0.817,-6.325,0.298,0.00851,0.113,1.04e-06,0.579,173396
"417","Beer Can’t Fix","Thomas Rhett","Country",1,74,111.016,0.774,0.711,-4.068,0.0308,0.0317,0.124,0,0.939,209733
"418","Graveyard","Halsey","Pop",0,83,92.043,0.583,0.667,-5.127,0.0747,0.231,0.181,4.48e-05,0.187,181806
"419","I Don't Care (with Justin Bieber)","Justin Bieber","Pop",1,81,101.956,0.675,0.798,-5.041,0.0442,0.0912,0.0894,0,0.842,219947
"420","Cowboys and Angels","Dustin Lynch","Country",1,60,73.842,0.55,0.355,-5.772,0.0285,0.245,0.0979,3.2e-05,0.26,227720
"421","What’s Done Is Done","Seven Lions","Electronic Dance",1,59,170.017,0.745,0.394,-6.149,0.0451,0.422,0.098,0.000872,0.193,290824
"422","maybe, i'm afraid","lovelytheband","Alternative/Reggae",1,58,70.554,0.697,0.279,-8.355,0.0411,0.0645,0.431,0,0.244,188735
"423","Come Around Me","Justin Bieber","Pop",0,80,157.941,0.681,0.648,-8.389,0.0378,0.263,0.0971,0.00783,0.767,200773
"424","The City (with Quinn XCII)","Louis The Child","Electronic Dance",1,61,177.953,0.675,0.531,-3.281,0.33,0.121,0.327,0,0.799,186046
"425","Summer Nights","Iration","Alternative/Reggae",1,59,130.154,0.609,0.835,-5.636,0.0336,0.0201,0.107,1.28e-06,0.781,236093
"426","Bones (feat. OneRepublic)","OneRepublic","Alternative/Reggae",1,66,120.047,0.804,0.658,-5.735,0.0377,0.00463,0.178,0,0.508,205793
"427","Don't Leave","Above & Beyond","Electronic Dance",1,53,70.494,0.124,0.23,-23.289,0.0363,0.925,0.116,0.972,0.0634,137653
"428","Lonely Call","RaeLynn","Country",1,66,145.931,0.722,0.588,-4.667,0.0289,0.0663,0.0721,0,0.243,224107
"429","Better Days","OneRepublic","Alternative/Reggae",1,72,89.132,0.726,0.626,-5.015,0.0376,0.235,0.304,0,0.257,144530
"430","My Mind Is For Sale","Jack Johnson","Alternative/Reggae",1,64,97.849,0.682,0.83,-7.16,0.134,0.676,0.123,0.000367,0.762,239840
"431","Yes Indeed","Drake","Hip Hop",0,80,119.958,0.346,0.964,-9.309,0.53,0.035,0.108,0,0.562,142273
"432","It's You - Acoustic","Ali Gatie","Pop",0,62,95.85,0.215,0.818,-10.269,0.0441,0.902,0.116,0,0.578,220126
"433","Up All Night","Khalid","Pop",1,81,93.989,0.712,0.665,-7.536,0.0527,0.00103,0.102,0.00342,0.669,157220
"434","Dancing With A Stranger (with Normani)","Sam Smith","Pop",1,86,102.998,0.52,0.741,-7.513,0.0656,0.45,0.222,1.97e-06,0.347,171030
"435","Tusa","Nicki Minaj","Hip Hop",1,96,101.085,0.715,0.803,-3.28,0.298,0.295,0.0574,0.000134,0.574,200960
"436","Bezerk (feat. A$AP Ferg)","Big Sean","Hip Hop",1,72,184.026,0.687,0.684,-4.673,0.2,0.0164,0.253,0,0.265,151067
"437","Alone","Marshmello","Electronic Dance",1,77,141.99,0.953,0.631,-3.739,0.0343,0.0241,0.108,0.0155,0.422,273803
"438","Single Again","Big Sean","Hip Hop",1,72,94.95,0.677,0.635,-5.548,0.0909,0.161,0.154,0,0.253,213733
"439","waste","lovelytheband","Alternative/Reggae",0,54,124.978,0.894,0.583,-4.679,0.0578,0.0374,0.0586,1.01e-06,0.812,255849
"440","Eastside (with Halsey & Khalid)","Halsey","Pop",0,77,89.949,0.686,0.632,-7.665,0.243,0.549,0.2,0,0.329,170770
"441","Commercial (feat. Lil Uzi Vert)","Lil Baby","Hip Hop",0,80,120.998,0.486,0.892,-8.637,0.384,0.048,0.146,0,0.535,214215
"442","You Should Be Here","Cole Swindell","Country",1,63,136.095,0.641,0.489,-4.455,0.0282,0.0592,0.0857,0,0.303,190173
"443","Undercover Martyn","Two Door Cinema Club","Alternative/Reggae",1,64,159.867,0.872,0.442,-5.072,0.123,0.00025,0.0602,1.74e-05,0.568,167773
"444","God, Your Mama, And Me","Florida Georgia Line","Country",1,57,168.1,0.817,0.443,-3.729,0.0511,0.318,0.374,0,0.652,184040
"445","HIGHEST IN THE ROOM","Travis Scott","Hip Hop",0,89,76.469,0.427,0.598,-8.764,0.0317,0.0546,0.21,5.83e-06,0.0605,175721
"446","Say It","Tory Lanez","Hip Hop",0,72,107.331,0.529,0.546,-10.511,0.0583,0.0862,0.124,6.5e-06,0.247,237787
"447","Save Me From Myself (with NoMBe & Big Gigantic)","Louis The Child","Electronic Dance",0,62,82.979,0.676,0.673,-4.888,0.216,0.0198,0.428,1.26e-05,0.391,211686
"448","Get Dripped (feat. Playboi Carti)","Lil Yachty","Hip Hop",1,70,130.021,0.489,0.95,-8.411,0.462,0.105,0.411,0,0.919,158769
"449","Dance All Night","Dirty Heads","Alternative/Reggae",1,57,81.04,0.775,0.706,-5.218,0.0468,0.0138,0.151,1.04e-06,0.882,206334
"450","We Were","Keith Urban","Country",1,67,79.312,0.803,0.44,-6.162,0.0512,0.127,0.128,0,0.633,189104
"451","Stay With Me","Sam Smith","Pop",1,83,84.094,0.42,0.418,-6.444,0.0414,0.588,0.11,6.39e-05,0.184,172724
"452","Ayy Macarena","Tyga","Hip Hop",1,86,96.493,0.63,0.816,-5.568,0.226,0.133,0.0692,0,0.715,131607
"453","Sober","Demi Lovato","Pop",1,76,170.22,0.303,0.397,-10.413,0.11,0.798,0.0824,4.16e-06,0.17,197893
"454","Attention Span","Rebelution","Alternative/Reggae",1,56,74.529,0.748,0.64,-7.194,0.0495,0.0111,0.175,7.17e-05,0.693,322760
"455","New Rules","Dua Lipa","Pop",0,82,116.073,0.7,0.762,-6.021,0.0694,0.00261,0.153,1.56e-05,0.608,209320
"456","Bloom","Dabin","Electronic Dance",1,53,134.102,0.565,0.6,-6.304,0.0265,0.227,0.0984,4.32e-05,0.142,240000
"457","Free (with Drew Love)","Louis The Child","Electronic Dance",1,68,124.987,0.565,0.653,-6.636,0.0354,0.00561,0.145,3.02e-05,0.165,222253
"458","TAlk tO Me (with Rich The Kid feat. Lil Wayne) - Remix","Tory Lanez","Hip Hop",1,72,159.949,0.66,0.698,-7.883,0.052,0.0226,0.0622,0,0.451,248521
"459","Beautiful Creatures (feat. MAX)","ILLENIUM","Electronic Dance",0,63,117.099,0.826,0.589,-4.577,0.0776,0.0663,0.367,0.000735,0.215,240508
"460","Confident","Demi Lovato","Pop",1,75,130.064,0.749,0.594,-6.251,0.0677,0.00188,0.0869,0.000139,0.344,205746
"461","Already Know","Adventure Club","Electronic Dance",0,55,140.111,0.649,0.468,-2.753,0.0393,0.432,0.105,0,0.272,230853
"462","Without Me","Halsey","Pop",1,77,136.041,0.488,0.752,-7.05,0.0705,0.297,0.0936,9.11e-06,0.533,201661
"463","For Her","Chris Lane","Country",1,59,150.007,0.904,0.491,-4.324,0.0344,0.0985,0.183,0,0.588,211227
"464","Counting Stars","OneRepublic","Alternative/Reggae",0,73,122.017,0.705,0.664,-4.972,0.0382,0.0654,0.115,0,0.477,257840
"465","That's My Kind Of Night","Luke Bryan","Country",1,69,109.995,0.751,0.661,-2.909,0.0481,0.0571,0.105,0,0.875,190187
"466","Enemies (feat. DaBaby)","Post Malone","Pop",1,82,76.388,0.674,0.542,-4.169,0.21,0.0588,0.0955,0,0.667,196760
"467","Anjunafamily","Above & Beyond","Electronic Dance",0,53,130.023,0.854,0.644,-6.064,0.0367,0.015,0.436,0.487,0.175,259497
"468","May We All","Florida Georgia Line","Country",1,62,150.035,0.918,0.514,-4.306,0.0365,0.0409,0.342,0,0.64,226587
"469","First Man","Camila Cabello","Pop",1,75,100.152,0.292,0.572,-7.621,0.0364,0.906,0.106,1.04e-06,0.223,228759
"470","Sitting, Waiting, Wishing","Jack Johnson","Alternative/Reggae",1,64,105.019,0.535,0.765,-7.229,0.0265,0.22,0.104,2.55e-05,0.548,183720
"471","Cigarette Daydreams","Cage The Elephant","Alternative/Reggae",1,72,113.946,0.675,0.635,-3.445,0.0263,0.0801,0.0831,0,0.273,208760
"472","Ain't No Rest for the Wicked","Cage The Elephant","Alternative/Reggae",1,73,156.004,0.849,0.634,-7.075,0.105,0.0438,0.363,0,0.919,175493
"473","I Love My Country","Florida Georgia Line","Country",1,68,140.044,0.941,0.538,-3.582,0.0639,0.0227,0.302,0,0.585,184554
"474","I Want U","Alison Wonderland","Electronic Dance",0,59,140.033,0.829,0.606,-3.455,0.036,0.00172,0.276,5.43e-05,0.384,210017
"475","Échame La Culpa","Demi Lovato","Pop",1,74,96.006,0.897,0.733,-3.652,0.0389,0.0391,0.117,0,0.649,173800
"476","Another Me (with Dylan Matthew)","Seven Lions","Electronic Dance",0,57,75.063,0.894,0.453,-3.493,0.0544,0.0168,0.15,0,0.297,208052
"477","1 SIDED LOVE","blackbear","Pop",1,72,90.051,0.42,0.584,-7.827,0.0322,0.236,0.119,0,0.283,170667
"478","Roots Reggae Music (feat. Don Carlos)","Rebelution","Alternative/Reggae",1,54,140.004,0.56,0.92,-9.53,0.0576,0.0551,0.097,4.09e-05,0.625,273996
"479","God Whispered Your Name","Keith Urban","Country",1,70,145.967,0.6,0.594,-6.712,0.0498,0.306,0.149,0,0.5,232165
"480","Rescue Me","OneRepublic","Alternative/Reggae",1,84,121.049,0.605,0.759,-7.737,0.0433,0.156,0.694,0,0.64,158900
"481","Young, Wild & Free (feat. Bruno Mars)","Wiz Khalifa","Hip Hop",1,63,94.505,0.652,0.553,-6.685,0.206,0.0897,0.111,0,0.551,207347
"482","Bang Bang","Nicki Minaj","Hip Hop",0,77,150.035,0.786,0.706,-3.417,0.0909,0.26,0.38,0,0.749,199387
"483","HIGHEST IN THE ROOM (feat. ROSALÍA & Lil Baby) - REMIX","Travis Scott","Hip Hop",0,82,153.131,0.491,0.559,-6.406,0.0346,0.0567,0.0992,0,0.114,244874
"484","Meant to Be (feat. Florida Georgia Line)","Bebe Rexha","Pop",1,70,153.995,0.772,0.642,-6.61,0.0848,0.0476,0.0646,0,0.589,164205
"485","Happier","Marshmello","Electronic Dance",1,87,100.015,0.792,0.687,-2.749,0.0452,0.191,0.167,0,0.671,214290
"486","Life Changes","Thomas Rhett","Country",1,61,87.972,0.845,0.687,-4.37,0.0576,0.1,0.0472,0,0.809,190707
"487","Harder (with Bebe Rexha)","Bebe Rexha","Pop",0,78,104.017,0.833,0.906,-3.027,0.0729,0.0899,0.154,0,0.752,159760
"488","So Tied Up","Cold War Kids","Alternative/Reggae",0,58,104.993,0.894,0.587,-4.184,0.0402,0.0309,0.179,2.15e-05,0.81,189507
"489","Sunflower - Spider-Man: Into the Spider-Verse","Post Malone","Pop",1,84,89.96,0.522,0.755,-4.368,0.0575,0.533,0.0685,0,0.925,157560
"490","Natural Mystic - Exodus 40 Mix","Ziggy Marley","Alternative/Reggae",1,48,131.262,0.422,0.805,-12.316,0.26,0.164,0.138,0,0.93,203133
"491","More Than Friends (feat. Meghan Trainor)","Jason Mraz","Alternative/Reggae",1,60,139.28,0.528,0.451,-6.984,0.0364,0.366,0.0811,0,0.527,181360
"492","Simple","Florida Georgia Line","Country",1,71,199.811,0.882,0.362,-3.717,0.0973,0.0791,0.15,0,0.864,185200
"493","Out Of My Body (feat. KARRA) - Bonus Track","Bear Grillz","Electronic Dance",0,31,147.775,0.821,0.461,-3.236,0.163,0.0396,0.138,0,0.388,180800
"494","Consequences","Camila Cabello","Pop",1,73,84.339,0.292,0.455,-6.792,0.0563,0.889,0.106,0,0.43,178467
"495","The London (feat. J. Cole & Travis Scott)","Travis Scott","Hip Hop",0,77,97.991,0.517,0.784,-8.981,0.209,0.0249,0.155,1.44e-06,0.206,200187
"496","It's Strange","Louis The Child","Electronic Dance",1,61,85.951,0.492,0.837,-7.792,0.354,0.371,0.102,0.0401,0.417,245581
"497","I Love Me","Demi Lovato","Pop",1,86,150.093,0.561,0.664,-7.031,0.0495,0.00261,0.0764,0,0.713,203672
"498","Are We Ready? (Wreck)","Two Door Cinema Club","Alternative/Reggae",0,53,93.988,0.752,0.601,-6.626,0.032,0.00522,0.337,0.00732,0.735,230853
"499","Stupid Love","Lady Gaga","Pop",1,90,117.973,0.815,0.676,-4.294,0.0625,0.00146,0.275,0.00041,0.796,193531
"500","10,000 Hours (with Justin Bieber) - Piano","Dan + Shay","Country",1,70,179.736,0.366,0.426,-6.514,0.0312,0.765,0.117,0,0.386,172320
"501","Him & I (with Halsey)","G-Eazy","Hip Hop",1,76,87.908,0.731,0.589,-6.343,0.0868,0.0534,0.308,0,0.191,268867
"502","Miss Movin' On","Fifth Harmony","Pop",1,64,75,0.842,0.466,-2.937,0.0513,0.0332,0.349,9.12e-06,0.418,193733
"503","Baby Pluto","Lil Uzi Vert","Hip Hop",0,85,160.052,0.634,0.772,-6.101,0.212,0.135,0.432,0,0.671,210261
"504","Butterfly Fly Away","Billy Ray Cyrus","Country",1,63,134.978,0.281,0.607,-12.632,0.0258,0.733,0.29,0.000123,0.468,189240
"505","Physical","Dua Lipa","Pop",1,82,146.962,0.844,0.647,-3.756,0.0457,0.0137,0.102,0.000658,0.746,193829
"506","Rewind","Rascal Flatts","Country",1,55,164.049,0.698,0.549,-6.679,0.0347,0.0222,0.202,0,0.719,203507
"507","Hope It Hurts","Dabin","Electronic Dance",0,54,120.039,0.657,0.543,-4.61,0.0303,0.0923,0.19,0,0.208,257500
"508","Some Gave All","Billy Ray Cyrus","Country",1,48,121.612,0.296,0.631,-13.961,0.0317,0.0416,0.0695,5.21e-06,0.256,245307
"509","Night Train","Jason Aldean","Country",1,65,158.121,0.708,0.496,-5.175,0.0293,0.0512,0.182,1.06e-06,0.502,232307
"510","10,000 Hours (with Justin Bieber)","Dan + Shay","Country",1,89,89.991,0.63,0.654,-4.644,0.0259,0.153,0.111,0,0.43,167693
"511","Speechless","Dan + Shay","Country",1,78,135.929,0.438,0.616,-5.968,0.0298,0.356,0.24,0,0.386,213387
"512","Black and Yellow","Wiz Khalifa","Hip Hop",0,74,164.02,0.834,0.684,-4.524,0.0675,0.0646,0.271,0,0.538,217667
"513","do re mi","blackbear","Pop",1,78,111.002,0.593,0.745,-6.35,0.0526,0.00522,0.123,5.25e-06,0.17,212027
"514","Levitating","Dua Lipa","Pop",0,81,103.014,0.883,0.695,-2.286,0.0778,0.0533,0.213,0,0.907,203808
"515","Only Now (feat. Tyler Graves)","Seven Lions","Electronic Dance",1,60,149.926,0.808,0.384,-5.225,0.0397,0.00558,0.116,8.51e-06,0.195,211200
"516","Queens Don't","RaeLynn","Country",1,63,133.949,0.695,0.658,-5.499,0.0279,0.0703,0.13,0,0.571,185587
"517","First Time (feat. Dylan Matthew) - Acoustic","Dabin","Electronic Dance",1,55,143.784,0.337,0.558,-8.414,0.0311,0.92,0.159,2.34e-06,0.397,251933
"518","goosebumps","Travis Scott","Hip Hop",1,85,130.049,0.728,0.841,-3.37,0.0484,0.0847,0.149,0,0.43,243837
"519","Circles","Post Malone","Pop",1,95,120.042,0.762,0.695,-3.497,0.0395,0.192,0.0863,0.00244,0.553,215280
"520","FREAK","Tyga","Hip Hop",1,76,106.01,0.556,0.933,-6.115,0.216,0.00438,0.114,0,0.504,174067
"521","All Dat (with Megan Thee Stallion)","Moneybagg Yo","Hip Hop",1,71,120.047,0.772,0.792,-3.904,0.27,0.00534,0.237,0,0.414,143958
"522","Something New (feat. Ty Dolla $ign)","Wiz Khalifa","Hip Hop",0,75,87.581,0.635,0.814,-6.609,0.0809,0.0935,0.0892,0,0.784,200774
"523","Stand Tall","Dirty Heads","Alternative/Reggae",1,56,158.109,0.813,0.705,-4.522,0.116,0.324,0.347,0,0.843,191280
"524","We Back","Jason Aldean","Country",0,73,155.938,0.928,0.433,-5.117,0.0512,0.0135,0.32,2.01e-06,0.552,197160
"525","Yours If You Want It","Rascal Flatts","Country",1,54,113.012,0.903,0.544,-3.151,0.0535,0.0102,0.108,0,0.408,206827
"526","Real Luv (feat. Summer Walker)","Moneybagg Yo","Hip Hop",1,62,97,0.56,0.775,-6.377,0.0798,0.023,0.105,0,0.159,199823
"527","Lost And Found","Iration","Alternative/Reggae",0,51,152.106,0.669,0.63,-7.289,0.118,0.0987,0.491,3.87e-05,0.655,236333
"528","Ayo","Tyga","Hip Hop",1,73,98.031,0.563,0.823,-5.095,0.0443,0.0399,0.0851,0,0.682,225227
"529","Me, Myself & I","G-Eazy","Hip Hop",0,76,111.996,0.672,0.757,-6.524,0.0955,0.0186,0.158,0,0.382,251467
"530","She","Harry Styles","Pop",1,76,140.026,0.521,0.535,-5.942,0.0272,0.000532,0.19,0.371,0.457,362653
"531","Love Is Gone","SLANDER","Electronic Dance",0,61,149.586,0.465,0.452,-10.006,0.0344,0.0589,0.095,0.000524,0.0832,256043
"532","Hey Julie! (feat. Lil Yachty)","Lil Yachty","Hip Hop",1,72,161.042,0.499,0.803,-5.932,0.306,0.0363,0.129,3.46e-06,0.749,156637
"533","No Sleep (feat. Bonn)","Martin Garrix","Electronic Dance",1,74,128.133,0.635,0.44,-6.385,0.0326,0.129,0.121,0,0.327,207095
"534","Church Bells","Carrie Underwood","Country",0,67,87.007,0.844,0.575,-1.772,0.0633,0.226,0.0538,0,0.542,193333
"535","MAMACITA","Tyga","Hip Hop",0,72,101.046,0.733,0.786,-4.961,0.127,0.0257,0.143,0,0.358,202653
"536","GUD VIBRATIONS","SLANDER","Electronic Dance",1,63,151.994,0.924,0.514,-5.417,0.052,0.000208,0.0684,0.805,0.0675,224211
"537","I Fall Apart","Post Malone","Pop",0,84,143.95,0.538,0.556,-5.408,0.0382,0.0689,0.196,0,0.291,223347
"538","Emotionally Scarred","Lil Baby","Hip Hop",0,77,88.284,0.641,0.585,-4.269,0.133,0.0286,0.316,0,0.266,197530
"539","Blessings","Big Sean","Hip Hop",1,66,118.896,0.621,0.79,-7.634,0.275,0.33,0.122,0,0.15,252040
"540","Jerry Sprunger (with T-Pain)","Tory Lanez","Hip Hop",0,77,100.011,0.746,0.76,-5.331,0.227,0.137,0.0905,0,0.449,233546
"541","Lost My Mind","Alison Wonderland","Electronic Dance",0,55,160.018,0.665,0.603,-5.372,0.0655,0.016,0.138,0.652,0.184,261441
"542","Baby (Lil Baby feat. DaBaby)","Lil Baby","Hip Hop",1,78,108.003,0.463,0.97,-7.259,0.366,0.0957,0.151,0,0.46,142417
"543","Gucci Flip Flops (feat. Lil Yachty)","Lil Yachty","Hip Hop",1,68,159.976,0.603,0.82,-7.18,0.308,0.0351,0.122,0.0159,0.177,151851
"544","Love Is Mystical","Cold War Kids","Alternative/Reggae",0,60,106.03,0.863,0.567,-5.158,0.037,0.00462,0.207,4.77e-05,0.722,214360
"545","Small Town Boy","Dustin Lynch","Country",1,73,72.997,0.743,0.554,-6.016,0.0287,0.0251,0.359,0,0.673,205733
"546","Notice","Thomas Rhett","Country",0,66,119.932,0.704,0.346,-6.309,0.0376,0.00246,0.084,0,0.258,222853
"547","What If I Told You That I Love You","Ali Gatie","Pop",1,83,84.628,0.365,0.605,-11.144,0.111,0.63,0.0554,6.83e-06,0.224,193668
"548","Wrong Way","Sublime","Alternative/Reggae",1,65,75.034,0.681,0.69,-5.653,0.0379,0.0623,0.137,0,0.911,136147
"549","Falling (blackbear Remix)","blackbear","Pop",1,75,127.01,0.485,0.803,-6.491,0.0365,0.121,0.092,0,0.422,171968
"550","Already Gold","Iration","Alternative/Reggae",1,51,78.002,0.696,0.728,-6.084,0.0632,0.0471,0.0233,1.81e-05,0.674,261080
"551","BUTTERFLY EFFECT","Travis Scott","Hip Hop",1,81,140.958,0.628,0.763,-5.85,0.05,0.0531,0.114,0,0.193,190557
"552","Some Kind Of Drug","G-Eazy","Hip Hop",1,68,126.51,0.525,0.586,-8.968,0.498,0.0705,0.0729,0,0.491,222467
"553","Meant to Be (feat. Florida Georgia Line)","Florida Georgia Line","Country",1,70,153.995,0.772,0.642,-6.61,0.0848,0.0476,0.0646,0,0.589,164205
"554","66","Lil Yachty","Hip Hop",0,65,148.057,0.723,0.667,-4.31,0.27,0.0455,0.213,0.000179,0.251,153475
"555","Social Cues","Cage The Elephant","Alternative/Reggae",1,68,132.039,0.913,0.668,-3.097,0.0348,0.0119,0.111,6.59e-06,0.933,219053
"556","High On Life (feat. Bonn)","Martin Garrix","Electronic Dance",0,76,128.038,0.486,0.414,-6.431,0.0311,0.0129,0.111,0,0.368,230762
"557","Adore You","Harry Styles","Pop",1,87,99.048,0.771,0.676,-3.675,0.0483,0.0237,0.102,7e-06,0.569,207133
"558","Higher Love","Kygo","Electronic Dance",1,85,103.952,0.678,0.693,-7.159,0.0324,0.0154,0.101,6.05e-06,0.404,228267
"559","So High (feat. Ghost Loft)","Wiz Khalifa","Hip Hop",0,68,157.99,0.629,0.628,-4.829,0.0485,0.118,0.102,0,0.3,249288
"560","Do You Remember","Jack Johnson","Alternative/Reggae",1,61,92.035,0.289,0.598,-11.405,0.0334,0.762,0.262,8.17e-05,0.714,144013
"561","Summer Days (feat. Macklemore & Patrick Stump of Fall Out Boy)","Martin Garrix","Electronic Dance",0,81,113.778,0.723,0.661,-6.976,0.0566,0.179,0.14,1.23e-05,0.316,163805
"562","Woman Like Me (feat. Nicki Minaj)","Nicki Minaj","Hip Hop",0,76,75.002,0.854,0.754,-3.449,0.0608,0.177,0.0808,0,0.8,229720
"563","I'm a Mess","Bebe Rexha","Pop",0,79,97.005,0.694,0.63,-6.257,0.0253,0.00281,0.0719,0,0.216,195519
"564","SICKO MODE","Travis Scott","Hip Hop",1,86,155.008,0.73,0.834,-3.714,0.222,0.00513,0.124,0,0.446,312820
"565","Known You Before (with Emilie Brandt)","Seven Lions","Electronic Dance",0,56,128.174,0.671,0.412,-6.545,0.0563,0.0137,0.192,3.35e-06,0.112,219401
"566","Strength From Inside","Above & Beyond","Electronic Dance",1,60,91.047,0.189,0.171,-22.379,0.037,0.857,0.169,0.959,0.0572,200787
"567","Call You Mine","The Chainsmokers","Electronic Dance",0,84,104.01,0.696,0.585,-5.6,0.0307,0.204,0.344,0,0.522,217640
"568","Imagine","Jack Johnson","Alternative/Reggae",1,63,141.946,0.179,0.554,-18.254,0.0362,0.937,0.107,0.024,0.374,219080
"569","Used to You","Ali Gatie","Pop",1,67,131.988,0.537,0.505,-5.532,0.0278,0.137,0.145,0,0.194,134402
"570","Love Triangle","RaeLynn","Country",1,57,132.927,0.525,0.686,-6.721,0.0331,0.135,0.11,0,0.322,225627
"571","Better Not (with Wafia)","Louis The Child","Electronic Dance",1,72,113.988,0.537,0.783,-2.921,0.0795,0.278,0.229,0,0.393,222866
"572","Forever (feat. Post Malone & Clever)","Justin Bieber","Pop",0,89,139.98,0.483,0.825,-5.746,0.08,0.538,0.204,1.48e-05,0.892,219933
"573","Middle of a Memory","Cole Swindell","Country",1,65,139.788,0.746,0.531,-4.228,0.0329,0.0972,0.102,0,0.304,226307
"574","Country Girl (Shake It For Me)","Luke Bryan","Country",1,72,105.97,0.904,0.645,-4.532,0.0462,0.0293,0.0834,0,0.671,225560
"575","Where It's At","Dustin Lynch","Country",1,61,158.05,0.737,0.557,-5.75,0.0476,0.0142,0.314,0,0.817,204187
"576","To Die For","Sam Smith","Pop",1,88,171.649,0.361,0.483,-7.889,0.0738,0.832,0.098,4.66e-06,0.307,193795
"577","Good Things Fall Apart (with Jon Bellion)","ILLENIUM","Electronic Dance",1,69,144.01,0.603,0.643,-5.416,0.0311,0.012,0.118,0,0.42,216668
"578","Better Now","Post Malone","Pop",1,85,145.038,0.578,0.68,-5.804,0.04,0.331,0.135,0,0.341,231267
"579","Solo (feat. Demi Lovato)","Demi Lovato","Pop",0,72,104.966,0.622,0.74,-4.608,0.0446,0.0357,0.356,4.85e-05,0.556,222707
"580","Falling","Iration","Alternative/Reggae",1,56,125.01,0.416,0.799,-9.547,0.0428,0.00765,0.122,2.07e-06,0.818,240760
"581","From the Ground Up","Dan + Shay","Country",1,69,151.568,0.58,0.281,-5.967,0.0323,0.333,0.122,0,0.282,253933
"582","Goodbyes (feat. Young Thug)","Post Malone","Pop",1,86,150.068,0.653,0.548,-3.875,0.081,0.456,0.103,0,0.163,174853
"583","Apologize","OneRepublic","Alternative/Reggae",1,70,118.008,0.74,0.593,-6.12,0.0339,0.363,0.102,2.22e-05,0.502,208107
"584","Ice Tray","Lil Yachty","Hip Hop",0,64,129.969,0.504,0.89,-5.444,0.123,0.023,0.123,0,0.222,213613
"585","Tailgate","RaeLynn","Country",0,50,176.048,0.755,0.606,-5.156,0.115,0.0525,0.0998,0,0.75,182289
"586","Federal Fed (feat. Future)","Moneybagg Yo","Hip Hop",1,61,138.04,0.644,0.796,-5.945,0.175,0.00881,0.126,0,0.242,209575
"587","Boy With Luv (feat. Halsey)","Halsey","Pop",0,83,119.991,0.862,0.645,-4.757,0.0965,0.0923,0.192,0,0.798,229773
"588","Ridin’ Roads","Dustin Lynch","Country",1,76,142.118,0.817,0.547,-4.255,0.0448,0.0986,0.136,0,0.592,205427
"589","Love Is Alive","Louis The Child","Electronic Dance",1,61,97.863,0.5,0.676,-6.878,0.0412,0.701,0.596,0,0.915,170611
"590","Lights Up","Harry Styles","Pop",0,85,101.987,0.621,0.575,-8.165,0.032,0.0392,0.141,0.0045,0.27,172213
"591","Rowdy","RaeLynn","Country",1,45,100.006,0.881,0.528,-2.836,0.0442,0.711,0.198,4.29e-05,0.506,187006
"592","the other girl (with Halsey)","Halsey","Pop",0,76,179.869,0.769,0.583,-4.859,0.159,0.419,0.0988,0,0.785,201344
"593","I Won't Let Go","Rascal Flatts","Country",1,57,131.96,0.406,0.557,-7.083,0.0278,0.742,0.113,0,0.222,227760
"594","In Flames","Dabin","Electronic Dance",0,54,91.985,0.729,0.481,-4.351,0.0365,0.00833,0.103,0,0.297,204783
"595","Bounce Back","Big Sean","Hip Hop",0,75,81.502,0.574,0.78,-5.628,0.141,0.104,0.129,0,0.273,222360
"596","Still Be Friends (feat. Tory Lanez & Tyga)","G-Eazy","Hip Hop",0,85,104,0.759,0.803,-4.692,0.0494,0.00509,0.0921,0,0.284,213308
"597","Not Over You - Recorded at Sound Stage Studios Nashville","Brett Young","Country",1,59,141.913,0.808,0.598,-6.875,0.0602,0.116,0.305,0,0.571,215282
"598","South of the Border (feat. Camila Cabello & Cardi B)","Camila Cabello","Pop",0,85,97.986,0.621,0.857,-6.376,0.0824,0.148,0.0865,0,0.668,204467
"599","Chillin' It","Cole Swindell","Country",1,62,137.982,0.849,0.576,-3.057,0.0386,0.511,0.109,3.89e-05,0.666,196747
"600","Trojans","Atlas Genius","Alternative/Reggae",1,59,140.002,0.822,0.721,-4.843,0.0391,0.0113,0.0898,7.01e-05,0.536,217387
"601","Die A Happy Man","Thomas Rhett","Country",1,75,166.052,0.389,0.595,-9.245,0.0349,0.418,0.116,1.39e-06,0.4,227427
"602","Drown (feat. Clinton Kane)","Martin Garrix","Electronic Dance",1,81,120.077,0.739,0.573,-5.455,0.0581,0.212,0.175,0,0.363,174062
"603","What You Know","Two Door Cinema Club","Alternative/Reggae",0,67,139.001,0.741,0.561,-4.239,0.0419,0.000715,0.0822,1.4e-05,0.776,191707
"604","Wonder (feat. The Kite String Tangle)","Adventure Club","Electronic Dance",0,47,123,0.809,0.655,-3.678,0.0334,0.0426,0.286,0.000505,0.272,291225
"605","1, 2, 3 Mississippi","Brett Young","Country",1,35,155.974,0.751,0.596,-6.233,0.0355,0.00878,0.0917,6.54e-06,0.757,207307
"606","All In My Head (Flex) (feat. Fetty Wap)","Fifth Harmony","Pop",0,65,95.04,0.791,0.689,-5.194,0.053,0.023,0.0526,0,0.755,210573
"607","Nobody But You (Duet with Gwen Stefani)","Blake Shelton","Country",1,76,143.912,0.653,0.463,-5.515,0.0273,0.111,0.172,0.000136,0.233,194867
"608","FRIENDS","Marshmello","Electronic Dance",0,82,95.079,0.88,0.626,-2.384,0.0504,0.205,0.128,0,0.534,202621
"609","Complainer","Cold War Kids","Alternative/Reggae",1,58,99.996,0.462,0.709,-6.379,0.0338,0.335,0.116,1.48e-05,0.496,219573
"610","Something Just Like This","The Chainsmokers","Electronic Dance",0,82,103.019,0.635,0.617,-6.769,0.0317,0.0498,0.164,1.44e-05,0.446,247160
"611","My Sweet Summer","Dirty Heads","Alternative/Reggae",0,57,93.989,0.833,0.661,-4.466,0.0822,0.229,0.346,0,0.635,202632
"612","Without Me - ILLENIUM Remix","ILLENIUM","Electronic Dance",1,64,136.004,0.71,0.639,-3.358,0.0479,0.483,0.219,2.22e-06,0.373,248906
"613","Carry On (from the Original Motion Picture ""POKÉMON Detective Pikachu"")","Kygo","Electronic Dance",0,77,121.799,0.705,0.591,-6.519,0.079,0.381,0.131,0.000116,0.27,215316
"614","Tell Me You Love Me","Demi Lovato","Pop",1,70,81.888,0.6,0.538,-5.463,0.0489,0.0273,0.147,0,0.26,236987
"615","U Played (feat. Lil Baby)","Moneybagg Yo","Hip Hop",1,77,134.965,0.847,0.874,-3.574,0.233,0.00341,0.29,0,0.881,164754
"616","Forever","Tory Lanez","Hip Hop",1,70,146.997,0.776,0.805,-6.006,0.139,0.000159,0.0502,0,0.172,172245
"617","I Do","Brett Young","Country",1,68,110.019,0.524,0.665,-9.404,0.0458,0.502,0.124,0,0.215,155822
"618","Beautiful People (feat. Khalid)","Khalid","Pop",0,80,92.977,0.648,0.64,-8.113,0.187,0.124,0.0802,0,0.548,197867
"619","Don’t Stop Get It (feat. Bok Nero)","Bear Grillz","Electronic Dance",1,41,149.964,0.701,0.912,-2.204,0.256,0.0184,0.073,0,0.521,168400
"620","I'm Yours","Jason Mraz","Alternative/Reggae",1,82,150.953,0.457,0.686,-8.322,0.0468,0.595,0.105,0,0.718,242187
"621","Drunk People","Chris Lane","Country",1,42,149.922,0.812,0.666,-4.805,0.0466,0.0937,0.154,0,0.798,197280
"622","Sucker For Pain (with Wiz Khalifa, Imagine Dragons, Logic & Ty Dolla $ign feat. X Ambassadors)","Wiz Khalifa","Hip Hop",0,77,169.021,0.786,0.502,-4.378,0.317,0.255,0.65,0,0.739,243491
"623","Starships","Nicki Minaj","Hip Hop",0,68,125.008,0.716,0.747,-2.457,0.075,0.135,0.251,0,0.751,210627
"624","Moonlight","Ali Gatie","Pop",1,74,120,0.479,0.804,-6.661,0.0321,0.494,0.0994,0,0.462,228484
"625","Island (feat. Nevve)","Seven Lions","Electronic Dance",0,59,150.128,0.836,0.427,-3.323,0.0466,0.0456,0.369,0.00238,0.248,278400
"626","Garden Grove","Sublime","Alternative/Reggae",0,58,81.64,0.617,0.531,-6.111,0.0426,0.00225,0.0296,0.000692,0.549,261387
"627","This Feeling","The Chainsmokers","Electronic Dance",1,80,105.049,0.571,0.575,-7.906,0.0439,0.0558,0.0912,0,0.449,197947
"628","Cabin By the Sea","Dirty Heads","Alternative/Reggae",1,55,168.017,0.684,0.685,-7.991,0.0504,0.236,0.97,3.43e-05,0.779,245501
"629","Santeria","Sublime","Alternative/Reggae",0,74,90.807,0.765,0.682,-5.021,0.0395,0.0268,0.188,3.42e-05,0.567,182747
"630","Reelin","Iration","Alternative/Reggae",0,53,146.924,0.733,0.654,-4.889,0.0461,0.00757,0.112,0,0.893,272747
"631","broken - acoustic","lovelytheband","Alternative/Reggae",1,59,123.015,0.341,0.685,-10.434,0.0354,0.798,0.0951,0,0.42,202927
"632","My Wish","Rascal Flatts","Country",1,65,135.712,0.769,0.548,-4.853,0.0312,0.0307,0.0867,5.53e-06,0.388,248280
"633","Hero","Chris Lane","Country",1,46,148.121,0.365,0.388,-9.059,0.034,0.837,0.295,0,0.461,231667
"634","Big Green Tractor","Jason Aldean","Country",1,66,137.071,0.59,0.623,-5.014,0.028,0.646,0.295,0,0.579,204200
"635","Still Learning","Halsey","Pop",0,78,102.046,0.661,0.708,-6.543,0.0546,0.0396,0.113,0.000244,0.317,211784
"636","Just Dance","Lady Gaga","Pop",0,60,118.992,0.739,0.822,-4.541,0.0311,0.0264,0.181,4.26e-05,0.745,241933
"637","TIME - Alison Wonderland x QUIX","Alison Wonderland","Electronic Dance",1,51,129.462,0.895,0.493,-5.824,0.057,0.0975,0.35,0.616,0.152,213267
"638","Spotlight","Marshmello","Electronic Dance",1,76,150.06,0.822,0.546,-4.483,0.151,0.0145,0.742,0,0.615,177600
"639","i miss the old u","blackbear","Pop",1,73,132.995,0.805,0.718,-5.257,0.325,0.279,0.527,0,0.36,211128
"640","Promises (with Sam Smith)","Sam Smith","Pop",1,82,123.07,0.768,0.781,-5.991,0.0394,0.0119,0.325,4.91e-06,0.486,213309
"641","Blown Away","Carrie Underwood","Country",0,63,136.991,0.843,0.531,-2.569,0.0429,0.0909,0.0283,0,0.392,240133
"642","Balladino","Atlas Genius","Alternative/Reggae",0,38,138.758,0.766,0.372,-5.12,0.0328,0.0316,0.115,0,0.284,239973
"643","40oz. To Freedom","Sublime","Alternative/Reggae",1,59,94.27,0.489,0.688,-7.848,0.0378,0.00053,0.143,0.00292,0.364,183000
"644","Naive","The Kooks","Alternative/Reggae",0,60,102.765,0.816,0.547,-6.165,0.0624,0.0688,0.127,0,0.722,203507
"645","One Dance","Drake","Hip Hop",1,81,103.967,0.625,0.792,-5.609,0.0536,0.00776,0.329,0.00188,0.37,173987
"646","John Cougar, John Deere, John 3:16","Keith Urban","Country",1,61,84.975,0.779,0.694,-6.984,0.071,0.0688,0.0803,3.99e-06,0.594,221600
"647","Feel Good (feat. Daya)","ILLENIUM","Electronic Dance",1,72,138.064,0.707,0.625,-4.761,0.0337,0.22,0.213,0,0.479,248156
"648","Wanted","OneRepublic","Alternative/Reggae",1,73,145.816,0.534,0.668,-6.586,0.0677,0.164,0.1,0,0.711,136248
"649","Taste (feat. Offset)","Tyga","Hip Hop",1,72,98.001,0.613,0.866,-6.385,0.151,0.0293,0.104,0,0.359,229210
"650","Beautiful (feat. Camila Cabello)","Camila Cabello","Pop",1,80,100.027,0.717,0.638,-4.722,0.0337,0.346,0.105,0,0.249,180000
"651","She's Country","Jason Aldean","Country",0,66,172.138,0.872,0.553,-2.832,0.0782,0.198,0.0659,0,0.638,220573
"652","IDGAF","Dua Lipa","Pop",1,82,97.028,0.544,0.836,-5.975,0.0943,0.0403,0.0824,0,0.51,217947
"653","Taking Pictures Of You","The Kooks","Alternative/Reggae",1,51,135.825,0.522,0.66,-7.754,0.0323,0.196,0.356,0,0.524,161982
"654","Sleep Alone","Two Door Cinema Club","Alternative/Reggae",1,54,148.063,0.751,0.53,-5.165,0.0432,0.000103,0.0926,0.00175,0.522,236440
"655","Talk You Out Of It","Florida Georgia Line","Country",1,70,119.964,0.708,0.651,-4.791,0.0376,0.582,0.0796,0,0.558,202920
"656","MotorSport","Nicki Minaj","Hip Hop",1,74,137.996,0.518,0.904,-5.32,0.183,0.0305,0.325,0,0.188,303077
"657","Next Life","Adventure Club","Electronic Dance",1,56,142.073,0.789,0.515,-3.385,0.0378,0.0218,0.128,4.85e-05,0.199,186854
"658","Southbound","Carrie Underwood","Country",1,67,100.531,0.884,0.614,-4.019,0.0402,0.00122,0.077,0,0.721,202853
"659","Young Dumb & Broke","Khalid","Pop",1,82,136.949,0.539,0.798,-6.351,0.0421,0.199,0.165,1.66e-05,0.394,202547
"660","Speed Me Up (with Ty Dolla $ign, Lil Yachty & Sueco the Child)","Lil Yachty","Hip Hop",1,71,149.987,0.844,0.776,-5.296,0.0483,0.00177,0.0844,0.0273,0.542,214723
"661","Achy Breaky Heart","Billy Ray Cyrus","Country",1,66,121.808,0.563,0.8,-10.209,0.0303,0.051,0.0797,0,0.961,203373
"662","Woah","Lil Baby","Hip Hop",1,77,142.976,0.599,0.883,-5.551,0.248,0.0177,0.179,0,0.413,183011
"663","I Like The Sound Of That","Rascal Flatts","Country",1,69,89.974,0.8,0.611,-5.61,0.0377,0.257,0.194,0,0.527,209280
"664","Lost My Lover","Ali Gatie","Pop",0,63,120.225,0.421,0.608,-12.157,0.0609,0.812,0.11,5.92e-05,0.396,198593
"665","Protect Da Brand (feat. DaBaby)","Moneybagg Yo","Hip Hop",1,67,144.073,0.577,0.849,-6.802,0.181,0.0266,0.104,0,0.617,180020
"666","Don't Let Me Down - Illenium Remix","ILLENIUM","Electronic Dance",1,65,79.648,0.656,0.428,-3.712,0.075,0.0751,0.15,0.181,0.355,218933
"667","Fade Away","Rebelution","Alternative/Reggae",1,60,109.926,0.54,0.685,-9.701,0.0253,0.181,0.114,0.015,0.235,209253
"668","Who You Foolin","Gunna","Hip Hop",1,70,115.69,0.756,0.916,-7.653,0.188,0.0942,0.23,0,0.756,151539
"669","Futsal Shuffle 2020 - Bonus Track","Lil Uzi Vert","Hip Hop",0,78,136.988,0.448,0.879,-8.57,0.221,0.0341,0.224,0,0.279,198913
"670","Frequency","Adventure Club","Electronic Dance",0,44,74.964,0.579,0.481,-5.554,0.029,0.169,0.104,8.59e-05,0.186,280000
"671","Watermelon Sugar","Harry Styles","Pop",1,82,95.39,0.816,0.548,-4.209,0.0465,0.122,0.335,0,0.557,174000
"672","Don't Mind","Louis The Child","Electronic Dance",1,63,123.031,0.857,0.803,-3.506,0.0986,0.136,0.145,3.7e-06,0.598,174106
"673","LA Never Says Goodbye (feat. Kyle Pavone)","ARMNHMR","Electronic Dance",1,43,77.216,0.669,0.267,-7.092,0.0369,3.12e-05,0.0675,0.592,0.0767,288196
"674","Wolves","Marshmello","Electronic Dance",0,80,124.987,0.804,0.724,-4.614,0.0448,0.124,0.204,0,0.306,197993
"675","Back To Life","Rascal Flatts","Country",1,70,132.041,0.701,0.467,-4.997,0.0302,0.191,0.0769,0,0.28,214219
"676","Mask Off","Future","Hip Hop",1,81,150.062,0.434,0.833,-8.795,0.431,0.0102,0.165,0.0219,0.281,204600
"677","Molecules - Single Version","Atlas Genius","Alternative/Reggae",0,47,117.028,0.81,0.542,-4.822,0.044,0.000442,0.195,9.71e-06,0.513,249267
"678","GATTI","Travis Scott","Hip Hop",1,80,143.477,0.676,0.594,-5.808,0.344,0.135,0.163,0,0.472,181145
"679","Blessings","Florida Georgia Line","Country",1,60,89.081,0.672,0.466,-5.926,0.036,0.737,0.0858,0,0.334,198520
"680","Sunrise, Sunburn, Sunset","Luke Bryan","Country",1,69,159.958,0.897,0.471,-2.27,0.0597,0.193,0.196,0,0.719,216093
"681","Peace - Kaivon Remix","Alison Wonderland","Electronic Dance",1,53,80.018,0.76,0.594,-3.21,0.068,0.376,0.289,0.000189,0.339,210000
"682","Juicy","Tyga","Hip Hop",1,78,170.031,0.652,0.786,-2.607,0.0669,0.102,0.0697,0,0.483,203093
"683","Hallucinate","Dua Lipa","Pop",0,80,122.054,0.69,0.627,-5.396,0.138,0.0325,0.0742,0,0.628,208505
"684","Rush Over Me","Seven Lions","Electronic Dance",1,61,135.015,0.753,0.441,-4.074,0.044,0.0701,0.027,0,0.254,259556
"685","Nightmare (feat. rx Soul)","Bear Grillz","Electronic Dance",1,44,149.845,0.782,0.625,-3.227,0.0918,0.0456,0.115,0.000461,0.0697,236800
"686","Forever Young (feat. Melanie Fontana)","ARMNHMR","Electronic Dance",1,40,139.721,0.735,0.326,-2.894,0.0333,0.271,0.218,0,0.255,178286
"687","1942","G-Eazy","Hip Hop",0,69,162.898,0.646,0.817,-5.12,0.249,0.0152,0.125,0,0.835,213080
"688","Silence","Khalid","Pop",1,80,141.971,0.761,0.52,-3.093,0.0853,0.256,0.17,4.96e-06,0.286,180823
"689","Oxygen","Dirty Heads","Alternative/Reggae",0,58,169.987,0.878,0.68,-3.923,0.0554,0.0744,0.137,0,0.769,225395
"690","Cry, Cry, Cry - Feat. Jack Johnson & Paula Fuga","Ziggy Marley","Alternative/Reggae",1,53,105.79,0.329,0.703,-9.141,0.0303,0.828,0.132,1.19e-06,0.472,283040
"691","In My Feelings","Drake","Hip Hop",1,82,91.03,0.626,0.835,-5.833,0.125,0.0589,0.396,6e-05,0.35,217925
"692","One Love / People Get Ready - Exodus 40 Mix","Ziggy Marley","Alternative/Reggae",1,47,76.839,0.515,0.697,-9.929,0.286,0.171,0.0787,0,0.93,178867
"693","Down","Fifth Harmony","Pop",1,62,196.121,0.512,0.53,-7.094,0.133,0.0162,0.128,7.04e-05,0.401,165200
"694","T-Shirt","Thomas Rhett","Country",1,65,95.989,0.862,0.634,-5.337,0.0376,0.0287,0.0217,0,0.767,227693
